front,hl,word,meaning,sentence,analogy
言,言,言,动词。说话，说。,赵括自少时学兵法、言兵事。,"""《诗经》；《左传》；《论语》；《史记》；《战国策》；《老子》"""
语,语,语,动词。谈话。,食不语，寝不言。,"""《左传》；《谷梁传》；《论语》；《汉书》；《后汉书》；《庄子》；《李白》"""
谓,谓,谓,"对〔某人〕说。左传僖公三十二年：\""公使～之曰。",公使谓之曰。,"""《诗经》；《左传》；《论语》；《王安石》"""
访,访,访,"咨询。尚书洪范：\""王～于箕子。",王访于箕子。,"""《尚书》；《左传》；《王勃》；《孟浩然》；《苏轼》；《方苞》"""
请,请,请,"""请，请求。左传隐公元年：""亟～於武公""。""",亟请於武公,"""《左传》；《论语》；《孟子》"""
召,召,召,"""呼唤，特指上对下的呼唤。左传僖公三十二年：""～孟明、西乞、白乙，使出师於东门之外。""",召孟明、西乞、白乙，使出师於东门之外。,"""《左传》；《荀子》"""
报,报,报,"断狱，判决罪人。韩非子五蠹：\""～而罪之。",报而罪之。,"""《诗经》；《左传》；《汉书》；《战国策》；《荀子》；《韩非子》；《司马迁》"""
告,告,告,"告诉。左传隐公元年：\""且～之悔。",且告之悔。,"""《左传》；《论语》；《欧阳修》"""
谏,谏,谏,"""用言语纠正君父或尊长的过失叫做谏。左传宣公二年：""宣子骤～。""",宣子骤谏。,"""《左传》；《论语》"""
讨,讨,讨,"研究。论语宪问：\""世叔～论之。",其君无日不讨国人而训之。,"""《左传》；《论语》"""
反,反,反,"翻转，颠倒。诗经周南关雎：\""辗转～侧。",辗转反侧。,"""《诗经》；《左传》；《论语》；《孟子》；《史记》"""
复,复,复,动词。回来，回去。,反复,"""《尚书》；《左传》；《孟子》；《史记》"""
舍,舍,舍,"宾馆，招待所。庄子说剑：\""夫子休就～。",夫子休就舍。,"""《左传》；《孟子》；《庄子》"""
次,次,次,"依顺序排列。左传成公三年：\""～及於事。",次及於事。,"""《左传》；《史记》；《司马迁》"""
如,如,如,"往，到......去。左传僖公四年：\""楚子使屈完～师。",楚子使屈完如师。,"""《诗经》；《左传》；《论语》；《孟子》；《史记》；《战国策》；《柳宗元》"""
驰,驰,驰,"马快跑。左传宣公十二年：\""遂疾进师，车～卒奔。",骐骥骅骝，一日而驰千里。,"""《诗经》；《左传》；《孟子》；《汉书》；《庄子》；《孟浩然》"""
骤,骤,骤,"马跑。诗经小雅四牡：\""载～骎骎。",骤雨不终日。,"""《诗经》；《左传》；《老子》"""
侵,侵,侵,"""进攻，特指没有钟鼓的进攻。左传僖公四年：""齐侯以诸侯之师～蔡。""",齐侯以诸侯之师侵蔡。,"""《左传》；《孟子》；《史记》；《国语》"""
袭,袭,袭,"衣一套叫一袭。汉书昭帝纪：\""赐衣被一～。",赐衣被一袭。,"""《左传》；《史记》；《汉书》；《后汉书》；《三国志》；《楚辞》"""
奔,奔,奔,"跑。庄子田子方：\""夫子～逸绝尘。",夫子奔逸绝尘。,"""《诗经》；《周礼》；《左传》；《论语》；《史记》；《庄子》；《文天祥》"""
亡,亡,亡,"逃跑。左传宣公二年：\""问其名居，不告而退，遂自～也。",亡羊而补牢，未为迟也。,"""《左传》；《论语》；《孟子》；《战国策》"""
逐,逐,逐,"追赶，追捕，追回来。尚书费誓：\""臣妾逋逃，无敢越～。",丧马勿逐。,"""《尚书》；《易经》；《左传》；《论语》；《史记》；《汉书》；《楚辞》；《韩非子》；《李白》；《杜甫》"""
及,及,及,"追赶上。左传成公二年：\""故不能推车而～。",故不能推车而及。,"""《左传》；《论语》；《战国策》"""
执,执,执,"捉拿，拘捕，擒获。左传僖公五年：\""遂袭虞，灭之，～虞公。",遂袭虞，灭之，执虞公。,"""《尚书》；《礼记》；《左传》；《论语》；《杜甫》"""
免,免,免,"脱身，使脱身。礼记曲礼上：\""临财毋苟得，临难毋苟～。",临财毋苟得，临难毋苟免。,"""《礼记》；《左传》；《汉书》"""
享,享,享,"""把食物献给鬼神。周易随卦：""王用～于西山。""",王用享于西山。,"""《尚书》；《周易》；《左传》；《孝经》"""
图,图,图,"考虑，反复考虑。左传僖公三十年：\""阙秦以利晋，唯君～之。",阙秦以利晋，唯君图之。,"""《左传》；《论语》；《史记》；《汉书》"""
虞,虞,虞,"意料。左传僖公四年：\""不～君之涉吾地也。",用戒不虞。,"""《诗经》；《左传》"""
克,克,克,"战胜，攻破。左传隐公元年：\""郑伯～段于鄢。",郑伯克段于鄢。,"""《诗经》；《左传》；《论语》"""
堪,堪,堪,"""经得起。受得住。左传隐公元年：""君将不～。""",君将不堪。,"""《左传》；《论语》；《孟浩然》；《杜甫》"""
有,有,有,"有。左传隐公元年：\""小人～母\""。",小人有母,"""《诗经》；《尚书》；《左传》；《论语》；《孟子》；《史记》；《战国策》"""
无,无,无,动词。没有。,无,"""《诗经》；《尚书》；《左传》；《论语》；《史记》；《汉书》；《战国策》；《韩愈》"""
昭,昭,昭,"明亮。诗经大雅抑：\""昊天孔～。","""昊天孔昭。""","""《诗经》；《左传》"""
穆,穆,穆,"和。诗经大雅烝民：\""～如清风。",穆如清风。,"""《诗经》；《尚书》；《礼记》；《左传》"""
勤,勤,勤,"疲劳，辛苦。跟\""逸\""相对。",逸,"""《尚书》；《左传》；《论语》；《孟子》；《庄子》"""
乏,乏,乏,"""缺少，特指食用的缺少。左传僖公三十年：""行李之往来，供其～困。""",行李之往来，供其乏困。,"""《左传》；《战国策》"""
乱,乱,乱,"没有秩序，跟\""整\""相对。左传僖公三十年：\""以～易整，不武。",整,"""《左传》；《论语》；《孟子》；《楚辞》"""
整,整,整,"""整齐，有秩序。跟""乱""相对。左传僖公三十年：""以乱易～，不武。""",乱,"""《左传》"""
两,两,两,数词。成对的两个，双方。,两臂重於天下也，身亦重於两臂。,"""《诗经》；《左传》；《汉书》；《庄子》；《荀子》；《杜甫》"""
贰,贰,贰,"副的。与\""正\""相对。",皆受其贰而藏之。,"""《尚书》；《周礼》；《左传》；《论语》；《孟子》"""
兵,兵,兵,"兵器，武器。左传隐公元年：\""缮甲～。",缮甲兵。,"""《礼记》；《左传》；《孟子》；《史记》；《孙子》"""
车,车,车,车子。上古的车，除用於运输和旅行以外，还有一种重要的用途，就是用於战争（兵车）。,命子封师车二百乘以伐京。,"""《左传》；《论语》"""
甲,甲,甲,"古代军人穿的皮做的护身衣服。左传成公二年：\""擐～执兵。",擐甲执兵。,"""《尚书》；《左传》；《史记》；《汉书》；《楚辞》"""
介,介,介,"疆界。诗经周颂思文：\""无此疆尔～。",子服惠伯为介。,"""《诗经》；《尚书》；《礼记》；《左传》；《孟子》；《三国志》；《战国策》；《楚辞》；《韩非子》；《水经注》；《淮南子》；《王勃》"""
卒,卒,卒,"步兵。左传隐公元年：\""具～乘。",具卒乘。,"""《左传》；《孟子》；《战国策》"""
乘,乘,乘,平声，读chéng。动词。,二子乘舟，泛泛其景。,"""《诗经》；《左传》；《春秋》；《论语》；《孟子》；《史记》；《庄子》"""
君,君,君,"封建时代天子和诸侯的通称。跟\""臣\""相对。",谓之君子而射之，非礼也。,"""《诗经》；《尚书》；《易经》；《左传》；《春秋》；《论语》；《孟子》；《史记》；《孙子》；《王勃》"""
师,师,师,军队二千五百人为一师。一般泛指军队。,齐侯以诸侯之师侵蔡。,"""《左传》；《论语》；《司马迁》；《韩愈》"""
姑,姑,姑,"父之姊妹。诗经邶风泉水：\""问我诸～。",问我诸姑。,"""《诗经》；《左传》；《战国策》"""
女,女,女,妇女。特指未嫁的女子。,窈窕淑女，君子好逑。,"""《诗经》；《易经》；《左传》；《楚辞》；《荀子》；《杜甫》"""
族,族,族,亲属。一般指同姓的亲属。,宫之奇以其族行。,"""《左传》；《尔雅》；《史记》；《庄子》；《淮南子》"""
党,党,党,"上古时代，五百家为党。论语雍也：\""以与尔邻里乡～乎。",以与尔邻里乡党乎。,"""《尚书》；《礼记》；《左传》；《论语》；《汉书》"""
河,河,河,"""专有名词。黄河。左传僖公四年：""东至于海，西至于～。""",东至于海，西至于河。,"""《左传》；《春秋》；《孟子》；《吕氏春秋》；《杜甫》"""
防,防,防,名词。河堤，河坝。,巨防容蝼而漂邑杀人。,"""《左传》；《春秋》；《吕氏春秋》"""
城,城,城,"""城墙，高大的围墙（指围绕都邑的）。左传隐公元年：""都～过百雉，国之害也。""",都城过百雉，国之害也。,"""《诗经》；《左传》；《孟子》"""
池,池,池,"护城河。左传僖公四年：\""楚国方城以为城，汉水以为～。",楚国方城以为城，汉水以为池。,"""《礼记》；《左传》；《孟子》；《庄子》"""
田,田,田,"农田。孟子梁惠王上：\""百亩之～，勿夺其时。",田彼南山。,"""《左传》；《孟子》"""
馆,馆,馆,"""招待所，客舍。左传襄公三十一年：""乃筑诸侯之～。""",乃筑诸侯之馆。,"""《左传》；《孟子》；《战国策》；《王勃》"""
辞,辞,辞,"口供。尚书吕刑：\""两造具备，师听五～。",两造具备，师听五辞。,"""《尚书》；《易经》；《左传》；《春秋》；《论语》；《汉书》；《三国志》；《战国策》；《吕氏春秋》；《文心雕龙》"""
谢,谢,谢,"道歉。战国策齐策四：\""宣王～曰：\'寡人有罪国家。","""宣王谢曰：'寡人有罪国家。'""","""《礼记》；《史记》；《汉书》；《战国策》；《杜甫》"""
责,责,责,"读zhài，债务，债款。战国策齐策四：\""先生不羞，乃有意欲为文收～於薛者乎？",先生不羞，乃有意欲为文收责於薛者乎？,"""《左传》；《论语》；《孟子》；《战国策》"""
让,让,让,"责备。左传僖公五年：\""公使～之。",公使让之。,"""《尚书》；《礼记》；《左传》；《论语》；《史记》；《汉书》；《后汉书》；《战国策》"""
争,争,争,"跟别人抢着要同一个东西。左传隐公十一年：\""公孙阏(è)与颍考叔～车。",引申为竞争。左传成公三年：,"""《左传》；《孝经》；《战国策》"""
使,使,使,"使，叫，让。左传僖公三十年：\""～杞子、逢孙、杨孙戍之。",使杞子、逢孙、杨孙戍之。,"""《左传》；《论语》；《史记》；《汉书》；《战国策》"""
令,令,令,"发出命令。论语子路：\""其身正，不～而行",其身正，不令而行；其身不正，虽令不从。,"""《诗经》；《礼记》；《春秋》；《论语》；《孟子》；《史记》；《汉书》；《后汉书》；《战国策》；《文选》；《萧统》；《杜甫》；《方苞》"""
属,属,属,读zhǔ，动词。连接。,万物群生，连属其乡。,"""《周礼》；《史记》；《战国策》；《庄子》"""
托,托,托,"寄托。战国策赵策四：\""长安君何以自～於赵？",长安君何以自托於赵？,"""《汉书》；《后汉书》；《三国志》；《战国策》；《杜甫》"""
往,往,往,"""去，到某处去。左传僖公三十年：""行李之～来。""",行李之往来。,"""《左传》；《论语》"""
来,来,来,"小麦。诗经周颂思文：\""贻我～牟。",於皇来牟！,"""《诗经》；《论语》；《孟子》；《战国策》；《庄子》"""
去,去,去,"离开。左传僖公三十年：\""亦～之。",纣之去武丁未久也。,"""《左传》；《论语》；《孟子》；《史记》；《战国策》"""
从,从,从,"跟随。论语微子：\""子路～而后。",子路从而后。,"""《诗经》；《礼记》；《左传》；《论语》；《孟子》；《史记》；《三国志》；《战国策》；《庄子》；《白居易》"""
违,违,违,"离开，避开。左传成公十六年：\""有淖於前，乃皆左右，相～於淖。",虽遇执事，其弗敢违。,"""《左传》；《孟子》；《苏轼》"""
即,即,即,动词。走近，靠近，走向。,若即若离,"""《诗经》；《仪礼》；《左传》；《论语》；《史记》；《汉书》；《后汉书》；《战国策》；《陶潜》"""
就,就,就,"走近，靠近，接近，亲近，趋向，走向，走上。跟\""去\""相对（因为\""去\""是离开）",避,"""《孟子》；《战国策》；《荀子》"""
趋,趋,趋,"快步走。论语微子：\""～而辟之，不得与之言。",入而徐趋。,"""《论语》；《战国策》；《文心雕龙》"""
赴,赴,赴,"奔向，投向。庄子秋水：\""～水则接腋持颐。",则连有赴东海而死耳。,"""《左传》；《孟子》；《战国策》；《庄子》；《荀子》；《曹植》；《杜甫》"""
战,战,战,"打仗。左传僖公四年：\""以此众～，谁能御之？",以此众战，谁能御之？,"""《诗经》；《左传》；《孟子》；《战国策》"""
击,击,击,"""打，敲打。诗经邶风击鼓：""～鼓其镗。""",击鼓其镗。,"""《诗经》；《左传》；《战国策》"""
引,引,引,"开弓。孟子尽心下：\""君子～而不发。",子子孙孙，勿替引之。,"""《诗经》；《礼记》；《左传》；《孟子》；《战国策》；《贾谊》；《王勃》"""
冯,冯,冯,"读píng。依凭，汉书郦食其传：\""食其～轼下齐七十馀城\""。",食其冯轼下齐七十馀城,"""《周礼》；《左传》；《汉书》；《庾信》"""
约,约,约,"缠，束缚。诗经小雅斯干：\""～之阁阁。",攘袖见素手，皓腕约金环。,"""《诗经》；《论语》；《孟子》；《史记》；《战国策》；《老子》；《文心雕龙》；《贾谊》；《曹植》"""
解,解,解,"分解，指分解动物（原义是解牛）。庄子养生主：\""庖丁为文惠君～牛。",庖丁为文惠君解牛。,"""《诗经》；《礼记》；《左传》；《孟子》；《史记》；《战国策》；《庄子》；《李白》；《杜甫》"""
释,释,释,"解开，放下［原来拿着或背着的东西］，放掉。庄子养生主：\""庖丁～刀对曰。",庖丁释刀对曰。,"""《左传》；《谷梁传》；《史记》；《战国策》；《老子》；《庄子》；《孙子》"""
具,具,具,"设食，准备酒席。礼记内则：\""若未食，则佐长者视～。",食以草具。,"""《诗经》；《礼记》；《左传》；《孟子》；《史记》；《战国策》；《杜甫》"""
给,给,给,读jǐ。形容词。,乏,"""《左传》；《孟子》；《史记》；《汉书》；《后汉书》；《战国策》；《司马迁》"""
计,计,计,"""结算，算账。战国策齐策四：""问门下诸客：谁习～会。""",问门下诸客：谁习计会。,"""《战国策》；《庄子》"""
谋,谋,谋,"考虑，计画，商议。左传庄公十年：\""肉食者～之。",肉食者谋之。,"""《诗经》；《左传》；《论语》"""
会,会,会,动词。会合，聚会，特指盟会、宴会等。,公会齐侯于艾。,"""《周礼》；《左传》；《史记》；《战国策》"""
习,习,习,"鸟反复地飞，频繁地飞。礼记月令：\""鹰乃学～。",鹰乃学习。,"""《礼记》；《论语》；《战国策》；《荀子》"""
疾,疾,疾,"病。论语泰伯：\""曾子有～。",曾子有疾。,"""《论语》；《孟子》；《战国策》；《庄子》"""
病,病,病,"重病。左传宣公二年：\""见灵辄饿，问其～。",见灵辄饿，问其病。,"""《左传》；《论语》；《孟子》；《战国策》；《庄子》；《枚乘》"""
饿,饿,饿,"""挨饿。左传宣公二年：""见灵辄～。""",见灵辄饿。,"""《礼记》；《左传》；《论语》；《孟子》；《韩非子》；《杜甫》"""
厌,厌,厌,"饱。\""厌\""字用於\""吃饱\""的意义时，一般写作\""餍\""。",厌,"""《左传》；《论语》；《孟子》；《史记》；《汉书》"""
衰,衰,衰,"力量减退。跟\""盛\""相对。",盛,"""《左传》；《论语》；《孟子》；《战国策》；《杜甫》"""
崩,崩,崩,"""山塌下来。左传成公五年：""梁山～。""",梁山崩。,"""《礼记》；《左传》；《论语》；《孟子》；《史记》；《战国策》；《楚辞》；《贾谊》；《杜甫》"""
匮,匮,匮,"匣，近似后代的柜。庄子櫃箧：\""将为胠箧探囊发～之盗而为守备。",将为胠箧探囊发匮之盗而为守备。,"""《诗经》；《左传》；《庄子》"""
困,困,困,"无路可走。\""～穷\""指生活艰难。",困穷,"""《左传》；《论语》；《欧阳修》"""
侈,侈,侈,"""过多。庄子骈拇：""骈拇枝指，出乎性哉，而～於德。""",骈拇枝指，出乎性哉，而侈於德。,"""《孟子》；《战国策》；《庄子》；《文心雕龙》"""
靡,靡,靡,"无。诗经大雅荡：\""～不有初，鲜克有终。",靡室靡家。,"""《诗经》；《礼记》；《左传》；《史记》；《汉书》；《战国策》"""
寡,寡,寡,"少。战国策齐策四：\""视吾家所～有者。",视吾家所寡有者。,"""《论语》；《战国策》"""
少,少,少,"多的反面。孟子梁惠王上：\""邻国之民不加～，寡人之民不加多。",稍,"""《左传》；《论语》；《孟子》；《史记》；《战国策》；《论衡》"""
微,微,微,"隐蔽，藏匿。左传哀公十六年：\""白公奔山而缢，其徒～之。",微谏不倦。,"""《诗经》；《礼记》；《左传》；《论语》；《孟子》；《史记》；《汉书》；《战国策》"""
固,固,固,"坚固，特指地理险要，或城郭坚固，便於防守。论语季氏：\""今夫颛臾，～而近於费。",固守,"""《论语》；《孟子》；《战国策》；《庄子》；《贾谊》；《杜甫》"""
再,再,再,"""副词。两次，第二次。左传庄公十年：""一鼓作气，～而衰，三而竭。""",一鼓作气，再而衰，三而竭。,"""《诗经》；《左传》；《论语》"""
三,三,三,"""数目字。战国策齐策四：""狡兔有～窟。""",狡兔有三窟。,"""《战国策》"""
帝,帝,帝,"天神，整个宇宙的主宰者（迷信）。尚书洪范：\""～乃震怒。",帝乃震怒。,"""《诗经》；《尚书》；《汉书》；《战国策》；《楚辞》；《列子》"""
后,后,后,"君主，人君，天子。左传僖公三十二年：\""其南陵，夏～皋之墓也。","""子路从而后。""","""《论语》；《史记》；《战国策》"""
王,王,王,"帝王，天子。左传僖公四年：\""尔贡包茅不入，～祭不共，无以缩酒。",尔贡包茅不入，王祭不共，无以缩酒。,"""《左传》；《春秋》；《孟子》"""
侯,侯,侯,"""五等爵的第二等。左传僖公三十年：""晋～秦伯围郑""。汉书李广传：""武帝封子延年为～。""",晋侯秦伯围郑,"""《左传》；《汉书》"""
子,子,子,儿女。一般指儿子。,子,"""《诗经》；《礼记》；《左传》；《论语》；《孟子》；《战国策》"""
息,息,息,"气息（一呼一吸为一息）。庄子逍遥游：\""生物之以～相吹也。",生物之以息相吹也。,"""《礼记》；《史记》；《汉书》；《战国策》；《庄子》；《贾谊》；《陶潜》"""
宗,宗,宗,"祖庙。左传成公三年：\""首其请於寡君而以戮於～。",首其请於寡君而以戮於宗。,"""《尚书》；《周礼》；《仪礼》；《左传》；《史记》；《王勃》"""
庙,庙,庙,"""祭祀祖先的地方。贾谊过秦论上：""一夫作难而七～隳。""",一夫作难而七庙隳。,"""《论语》；《战国策》；《贾谊》"""
诗,诗,诗,"文体的一种。尚书舜典：\""～言志。",诗言志。,"""《诗经》；《尚书》；《左传》；《论语》；《陶潜》"""
书,书,书,"写，写字。左传宣公二年：\""大史～曰：\'赵盾弑其君。","""茫茫禹迹，书为九州。""","""《左传》；《论语》；《史记》；《汉书》；《司马迁》；《扬雄》；《邹阳》"""
礼,礼,礼,"剥削阶级社会的典章制度与传统习惯。论语为政：\""殷因於夏～，所损益可知也。",为国以礼。,"""《礼记》；《左传》；《论语》"""
乐,乐,乐,读yuè。音乐。,事不成，则礼乐不兴。,"""《左传》；《论语》"""
知,知,知,"知道，懂得，了解。论语学而：\""人不～而不愠。",人不知而不愠。,"""《左传》；《论语》；《孟子》；《荀子》"""
识,识,识,"知道，认识，能辨别。孟子梁惠王上：\""不～有诸？",不识有诸？,"""《论语》；《孟子》；《庄子》"""
见,见,见,"看见。论语里仁：\""～贤思齐焉，～不贤而内自省也。",见贤思齐焉，见不贤而内自省也。,"""《左传》；《论语》；《史记》；《战国策》；《楚辞》；《庄子》"""
示,示,示,"""给看。老子三十六章：""国之利器不可以～人。""",国之利器不可以示人。,"""《礼记》；《老子》"""
视,视,视,"看。礼记大学：\""十目所～，十手所指。",盖当时视他驿为壮。,"""《诗经》；《尚书》；《礼记》；《左传》；《孟子》；《汉书》"""
观,观,观,"有目的地看，观察。左传僖公二十三年：\""曹共公闻其骈胁，欲～其裸",今吾於人也，听其言而观其行。,"""《礼记》；《左传》；《论语》；《孟子》；《陶渊明》；《刘禹锡》"""
望,望,望,"向远处看。左传庄公十年：\""登轼而～之。",故愿望见太后。,"""《诗经》；《尚书》；《礼记》；《左传》；《孟子》；《史记》；《汉书》；《战国策》；《韩非子》；《世说新语》；《司马迁》；《苏轼》"""
矜,矜,矜,"矛柄。贾谊过秦论上：\""锄耰棘～，非铦於钩戟长铩也。",矜,"""《礼记》；《公羊传》；《论语》；《史记》；《贾谊》"""
哀,哀,哀,"""悲伤。礼记檀弓下：""有妇人哭於墓者而～。""",有妇人哭於墓者而哀。,"""《礼记》；《论语》；《战国策》"""
憾,憾,憾,"""心中不满，懊恼。论语公冶长：""敝之而无～。""",敝之而无憾。,"""《左传》；《论语》；《孟子》"""
恕,恕,恕,"""将自己的心度别人的心。论语卫灵公：""其～乎！己所不欲，勿施於人。""",其恕乎！己所不欲，勿施於人。,"""《论语》；《战国策》"""
愤,愤,愤,"""烦闷。司马迁报任安书：""是仆终已不得舒～懑以晓左右。""",是仆终已不得舒愤懑以晓左右。,"""《论语》；《司马迁》；《杜甫》"""
患,患,患,"""担心，发愁。论语颜渊：""季康子～盗。""",季康子患盗。,"""《论语》；《孟子》"""
持,持,持,"""拿着。孟子公孙丑下：""子之～戟之士一日而三失伍。""",子之持戟之士一日而三失伍。,"""《论语》；《孟子》"""
措,措,措,"""放下，放。论语子路：""则民无所～手足。""",则民无所措手足。,"""《礼记》；《论语》；《战国策》"""
拱,拱,拱,"""拱手，两手在胸前相合，一般是用左手握住右手。这是表示恭敬的姿势。论语微子：""子路～而立。""",子路拱而立。,"""《左传》；《论语》；《贾谊》"""
攻,攻,攻,"进攻，攻打。左传僖公四年：\""以此～城，何城不克？",以此攻城，何城不克？,"""《诗经》；《左传》；《论语》；《韩愈》"""
窃,窃,窃,"偷。论语颜渊：\""苟子之不欲，虽赏之不～。",苟子之不欲，虽赏之不窃。,"""《论语》；《史记》；《战国策》；《庄子》；《孙子》；《司马迁》"""
诛,诛,诛,"谴责。论语公冶长：\""於予与何～？",於予与何诛？,"""《左传》；《论语》；《楚辞》；《荀子》"""
翦,翦,翦,"""翦断。诗经召南甘棠：""勿～勿伐。""",勿翦勿伐。,"""《诗经》；《左传》；《文心雕龙》"""
讲,讲,讲,"讲和，和解。战国策西周策：\""而秦未与魏～也。",而秦未与魏讲也。,"""《礼记》；《左传》；《论语》；《史记》；《战国策》；《韩愈》"""
设,设,设,"安排，摆设，建立。礼记礼运：\""以～制度，以立田里。",以设制度，以立田里。,"""《礼记》；《史记》；《文心雕龙》；《白居易》"""
立,立,立,"站着。论语微子：\""子路拱而～。",子路拱而立。,"""《礼记》；《左传》；《论语》；《史记》；《战国策》；《庄子》；《贾谊》"""
忠,忠,忠,"""尽力做好分内的事，尽力做好别人付托的事，对别人负责。左传庄公十年：""～之属也。""",忠之属也。,"""《左传》；《论语》"""
信,信,信,"言语真实，不虚伪。老子八十一章：\""～言不美，美言不～。",与朋友交而不信乎？,"""《周易》；《左传》；《论语》；《孟子》；《战国策》；《老子》；《世说新语》"""
谅,谅,谅,形容词。诚实。,岂若匹夫匹妇之为谅也？,"""《诗经》；《论语》"""
正,正,正,"不偏，跟\""偏\""相对；不斜，跟\""斜\""、\""邪\""相对（邪就是斜）。",席不正不坐。,"""《尚书》；《仪礼》；《左传》；《春秋》；《论语》；《史记》；《汉书》；《后汉书》；《左思》"""
邪,邪,邪,"斜的。诗经小雅采菽：\""～幅在下。",邪幅在下。,"""《诗经》；《孟子》；《战国策》"""
辟,辟,辟,"读bì，法。诗经小雅雨无正：\""～言不信。",辟言不信。,"""《诗经》；《尚书》；《礼记》；《左传》；《论语》；《孟子》；《汉书》；《后汉书》；《战国策》；《王维》"""
好,好,好,"貌美。战国策赵策三：\""鬼侯有子而～。",鬼侯有子而好。,"""《诗经》；《礼记》；《左传》；《论语》；《战国策》"""
恶,恶,恶,"罪恶，不良的行为，跟\""善\""相对。左传宣公二年：\""为法受～。",善,"""《礼记》；《左传》；《论语》；《孟子》；《战国策》"""
敬,敬,敬,"严肃。左传宣公二年：\""不忘恭～。",不忘恭敬。,"""《左传》；《论语》"""
慎,慎,慎,"""小心。论语学而：""敏於事而～於言。""",敏於事而慎於言。,"""《礼记》；《论语》"""
苟,苟,苟,"苟且，不严肃。跟\""敬\""相对。",敬,"""《礼记》；《论语》；《战国策》；《贾谊》"""
显,显,显,"""动词。放光明。形容词。光明的。一般只用於抽象意义。诗经大雅大明：""不～其光。""",不显其光。,"""《诗经》；《孟子》；《战国策》"""
著,著,著,"显露。礼记中庸：\""诚则形，形则～，～则明。",诚则形，形则著，著则明。,"""《礼记》；《左传》；《史记》；《汉书》；《司马迁》；《陶潜》；《王维》"""
相,相,相,"仔细看，审察。诗经鄘风相鼠：\""～鼠有皮\""。",相鼠有皮,"""《诗经》；《尚书》；《左传》；《论语》；《孟子》；《史记》；《庄子》；《列子》"""
帅,帅,帅,"""率领。左传隐公元年：""命子封～车二百乘以伐京。""",命子封帅车二百乘以伐京。,"""《左传》；《论语》"""
士,士,士,"男子，特指未婚的男子。跟\""女\""相对。",女,"""《诗经》；《左传》；《论语》；《孟子》；《战国策》"""
仆,仆,仆,"""向前倒。汉书贡禹传：""诚恐一旦蹎～。""","""诚恐一旦蹎仆。""","""《汉书》；《柳宗元》；《王安石》"""
御,御,御,"驾驶车马。论语为政：\""樊迟～。",樊迟御。,"""《诗经》；《左传》；《论语》；《孟子》；《史记》；《庄子》；《列子》；《洛阳伽蓝记》"""
右,右,右,"右边。左传成公二年：\""射其左，越於车下",兼爱，尚贤，右鬼，非命，墨子之所立也。,"""《左传》；《孟子》；《汉书》；《墨子》；《淮南子》；《司马迁》"""
盗,盗,盗,"""偷。左传文公十八年：""～器为奸""。荀子不苟：""～名不如～货。""",盗器为奸,"""《左传》；《论语》；《庄子》；《荀子》"""
贼,贼,贼,"毁，害。论语先进：\""～夫人之子。",使鉏麑贼之。,"""《左传》；《论语》；《史记》；《荀子》"""
国,国,国,"国家。孟子梁惠王上：\""寡人之於～也，尽心焉耳矣。",寡人之於国也，尽心焉耳矣。,"""《左传》；《孟子》；《战国策》"""
家,家,家,"家，家庭。与现代的\""家\""字同义。",家,"""《论语》；《孟子》"""
杜,杜,杜,"""土地之主，土神。""",后土,"""《左传》"""
稷,稷,稷,"谷名，跟黍相似，但不黏。诗经王风黍离：\""彼～之穗。",彼稷之穗。,"""《诗经》；《礼记》；《论语》"""
仁,仁,仁,"""中国古代哲学，特别是儒家哲学，理想中的一种道德标准。""",若圣与仁，则吾岂敢？,"""《论语》"""
义,义,义,合理的事，应该做的事。跟仁一样，这是封建的伦理道德之一。,闻义不能徙，不善不能改，是吾忧也。,"""《左传》；《论语》；《孟子》；《世说新语》；《论衡》；《白居易》"""
道,道,道,"路，道路。战国策齐策四：\""民扶老携幼，迎君～中。",交邻国有道乎？,"""《左传》；《论语》；《孟子》；《战国策》；《庄子》"""
德,德,德,"道德，修养。论语子罕：\""吾未见好～如好色者也。",吾未见好德如好色者也。,"""《尚书》；《左传》；《论语》；《孟子》；《史记》；《荀子》"""
文,文,文,"彩色交错为文。孟子告子上：\""令闻广誉施於身，所以不愿人之～绣也。",圣贤书辞，总称文章，非采而何？,"""《论语》；《孟子》；《荀子》；《韩非子》；《文选》；《文心雕龙》；《扬雄》；《萧统》；《苏轼》"""
质,质,质,"读zhì，抵押。战国策赵策四：\""必以长安君为～，兵乃出。",必以长安君为质，兵乃出。,"""《礼记》；《仪礼》；《论语》；《史记》；《战国策》；《荀子》；《文选》；《文心雕龙》；《萧统》；《方苞》"""
色,色,色,"脸上的气色，表情。孟子梁惠王上：\""民有饥～。",民有饥色。,"""《礼记》；《论语》；《孟子》；《战国策》；《楚辞》；《老子》"""
臭,臭,臭,"读xiù气味。周易系辞上：\""其～如兰。",引申为坏的气味，,"""《尚书》；《周易》；《礼记》；《荀子》；《墨子》"""
先,先,先,动词。先行，先做某事。,会请先。,"""《礼记》；《左传》；《论语》；《战国策》；《司马迁》"""
前,前,前,动词。向前，前进。,酒酣，起前，以千金为鲁连寿。,"""《孟子》；《史记》；《战国策》"""
后,后,后,动词。走在后面，落后。,"""子路从而后。""","""《论语》；《史记》；《战国策》"""
内,内,内,"内，内室。诗经唐风山有枢：\""子有廷～，弗洒弗埽。",洒埽廷内。,"""《诗经》；《礼记》；《左传》；《论语》；《孟子》；《汉书》；《战国策》"""
外,外,外,"""外面。跟""内""相对。战国策楚策四：""填黾塞之内，而投己乎黾塞之～。""",内,"""《孟子》；《战国策》"""
间,间,间,读jiàn。夹缝，间隙。,肉食者谋之，又何间焉？,"""《左传》；《论语》；《孟子》；《史记》；《战国策》；《庄子》；《苏轼》"""
行,行,行,名词。道路。,遵彼微行。,"""《诗经》；《左传》；《论语》；《孟子》；《庄子》；《杜甫》"""
走,走,走,"跑，逃跑。战国策楚策一：\""兽见之皆～。",兽见之皆走。,"""《孟子》；《战国策》"""
出,出,出,"""出，出去，出来。跟""入""相对。论语先进：""三子者～。""",入,"""《礼记》；《论语》；《孟子》；《柳宗元》；《苏轼》"""
入,入,入,"进，进去，进来。孟子滕文公上：\""三过其门而不～。",三过其门而不入。,"""《左传》；《论语》；《孟子》；《战国策》"""
之,之,之,动词。到〔某地〕去。,牛何之？,"""《诗经》；《论语》；《孟子》；《战国策》；《庄子》"""
适,适,适,动词。到〔某地〕去。,子适卫。,"""《仪礼》；《左传》；《论语》；《孟子》；《战国策》；《庄子》；《欧阳修》"""
进,进,进,"向前走，推进。跟\""退\""相对。",退,"""《左传》；《论语》；《孟子》；《史记》；《战国策》；《司马迁》"""
退,退,退,"向后走，后退。跟\""进\""相对。",吾退而寒之者至矣。,"""《诗经》；《易经》；《礼记》；《左传》；《论语》；《孟子》；《史记》；《楚辞》；《范仲淹》"""
逾,逾,逾,"""越过。诗经郑风将仲子：""无～我墙。""",无逾我墙。,"""《诗经》；《论语》；《孟子》"""
逸,逸,逸,"逃走。左传桓公八年：\""随侯～。",清新庾开府，俊逸鲍参军。,"""《左传》；《论语》；《孟子》；《战国策》；《扬雄》；《李白》；《杜甫》"""
逼,逼,逼,"""侵逼，逼近。孟子滕文公上：""禽兽～人。""",禽兽逼人。,"""《左传》；《孟子》"""
决,决,决,"打开缺口，导引水流。孟子滕文公上：\""～汝汉，排淮泗，而注之江。",决汝汉，排淮泗，而注之江。,"""《左传》；《孟子》；《战国策》；《楚辞》"""
治,治,治,旧读平声(chí)。治水，防御它或疏导它。,禹之治水，水之道也。,"""《左传》；《论语》；《孟子》；《战国策》；《庄子》；《韩愈》；《柳宗元》"""
树,树,树,种植，栽种。动词。,五亩之宅，树之以桑。,"""《诗经》；《左传》；《孟子》；《史记》；《孙子》"""
事,事,事,"事情。孟子梁惠王上：\""齐桓晋文之～，可得闻乎？",齐桓晋文之事，可得闻乎？,"""《左传》；《论语》；《孟子》；《史记》；《汉书》；《杜甫》"""
畜,畜,畜,读xù。养。,鸡豚狗彘之畜，无失其时。,"""《礼记》；《左传》；《孟子》；《荀子》"""
保,保,保,"""抚养。尚书康诰：""若～赤子。""",若保赤子。,"""《尚书》；《左传》；《孟子》"""
爱,爱,爱,"爱。左传隐公元年：\""～其母。",爱其母。,"""《左传》；《孟子》；《老子》"""
伤,伤,伤,"受伤，特指战斗时遭受创伤。左传成公二年：\""郤克～於矢。",损害了什么,"""《诗经》；《左传》；《论语》"""
害,害,害,"损害，伤害。左传僖公三十年：\""君亦无所～。",君亦无所害。,"""《左传》；《论语》；《孟子》；《史记》；《世说新语》"""
比,比,比,"摆在一起。文心雕龙情采：\""五音～而成韶夏。",试使山东之国与陈涉度长絜大，比权量力，则不可同年而语矣。,"""《左传》；《论语》；《孟子》；《文心雕龙》；《贾谊》；《司马迁》；《白居易》"""
喻,喻,喻,"晓得，了解。战国策魏策四：\""寡人～矣。",寡人喻矣。,"""《孟子》；《战国策》"""
诚,诚,诚,"真心，不诡诈，不虚伪。跟\""诈\""相对，又跟\""伪\""相对。",诈,"""《易经》；《礼记》；《孟子》；《战国策》；《司马迁》"""
伪,伪,伪,"""人为的。荀子性恶：""人之性恶，其善者～也。""",人之性恶，其善者伪也。,"""《孟子》；《楚辞》；《荀子》"""
善,善,善,"好，指美好。庄子逍遥游：\""夫列子御风而行，泠然～也。",夫列子御风而行，泠然善也。,"""《左传》；《论语》；《孟子》；《庄子》；《列子》"""
淫,淫,淫,"过分而不得当，过度。战国策楚策四：\""专～逸侈靡。",专淫逸侈靡。,"""《礼记》；《左传》；《春秋》；《论语》；《战国策》；《楚辞》"""
凶,凶,凶,"不吉利。跟\""吉\""相对。",吉,"""《孟子》；《楚辞》"""
疏,疏,疏,"稀疏。跟\""密\""相对，又跟\""数\""相对。",天网恢恢，疏而不失。,"""《左传》；《孟子》；《汉书》；《老子》；《杜甫》"""
戚,戚,戚,"兵器之一种，像大斧。诗经大雅公刘：\""弓矢斯张，干戈～扬。",刑天舞干戚。,"""《诗经》；《左传》；《孟子》；《庄子》；《山海经》；《陶潜》"""
饥,饥,饥,"""五谷不成熟，荒年。论语先进：""因之以～馑。""",因之以饥馑。,"""《左传》；《论语》；《孟子》"""
孰,孰,孰,"熟，煮熟了的。左传宣公二年：\""宰夫腼熊蹯不～。",宰夫腼熊蹯不孰。,"""《左传》；《论语》；《孟子》；《史记》；《战国策》；《荀子》"""
滋,滋,滋,"增益，增长。左传隐公元年：\""无使～蔓。",无使滋蔓。,"""《左传》；《孟子》；《史记》"""
烈,烈,烈,"火猛。左传昭公二十年：\""夫火～，民望而畏之，故鲜死焉。",白刃交於前，视死若生者，烈士之勇也。,"""《左传》；《孟子》；《庄子》；《贾谊》；《曹操》"""
赡,赡,赡,"""读shàn。足够。孟子公孙丑上：""以力服人者，非心服也，力不～也。""",以力服人者，非心服也，力不赡也。,"""《孟子》；《文心雕龙》"""
共,共,共,"读gǒng，上声。通\""拱\""。",拱,"""《左传》；《论语》；《孟子》"""
同,同,同,"""同，一样。跟""异""相对。孟子滕文公上：""布帛长短～，则贾相若。""",异,"""《论语》；《孟子》"""
殊,殊,殊,"死。汉书高帝纪：\""其赦天下～死以下。",军皆殊死战，不可败。,"""《史记》；《汉书》；《战国策》；《文心雕龙》；《班固》"""
异,异,异,"不同。跟\""同\""相对。",异日,"""《论语》；《孟子》；《汉书》；《后汉书》；《战国策》；《国语》；《庄子》；《贾谊》；《陶潜》；《杜甫》；《柳宗元》；《白居易》"""
斤,斤,斤,"斧子一类的工具。孟子梁惠王上：\""斧～以时入山林。",斧斤以时入山林。,"""《诗经》；《孟子》；《战国策》；《庄子》；《墨子》"""
钧,钧,钧,"三十斤。孟子梁惠王上：\""吾力足以举百～。",吾力足以举百钧。,"""《孟子》；《淮南子》；《贾谊》"""
锺,锺,锺,量名。六斛四斗。,兄戴，盖禄万锺。,"""《孟子》；《国语》；《世说新语》"""
倍,倍,倍,"背向，背着。战国策赵策三：\""天子吊，主人必将～殡柩。",天子吊，主人必将倍殡柩。,"""《孟子》；《史记》；《战国策》；《文心雕龙》"""
政,政,政,"""统治管理的工作，特指国家的统治管理。论语子路：""卫君待子而为～。""",卫君待子而为政。,"""《论语》；《孟子》"""
教,教,教,动词。教导。,教以慎於接物，推贤进士为务。,"""《孟子》；《文选》；《司马迁》；《萧统》；《杜甫》；《白居易》；《苏轼》"""
法,法,法,"法令，法律。上古的\""法\""，着重在规定刑罚。",法,"""《孟子》；《老子》；《韩非子》；《贾谊》；《杜甫》"""
术,术,术,"道路，街巷。礼记月令：\""皆修封疆，审端径～。",园囿术路。,"""《礼记》；《孟子》；《汉书》；《后汉书》；《枚乘》；《左思》；《王安石》"""
势,势,势,"力量，权力。荀子正论：\""天子者～位至尊，无敌於天下。",天子者势位至尊，无敌於天下。,"""《孟子》；《史记》；《战国策》；《庄子》；《荀子》"""
数,数,数,"数目，数量。庄子秋水：\""号物之～谓之万。",号物之数谓之万。,"""《礼记》；《论语》；《孟子》；《楚辞》；《庄子》；《王维》"""
朝,朝,朝,"读zhāo，早晨。跟\""暮\""、\""夕\""相对。",崇朝其雨。,"""《诗经》；《左传》；《论语》；《孟子》；《战国策》；《老子》；《庄子》；《杜牧》"""
野,野,野,"郊外，田野。孟子梁惠王上：\""耕者皆欲耕於王之～。",耕者皆欲耕於王之野。,"""《论语》；《孟子》；《史记》；《庄子》"""
涂,涂,涂,"路。论语阳货：\""遇诸～。",遇诸涂。,"""《谷梁传》；《论语》；《孟子》；《战国策》；《庄子》；《陶渊明》；《李商隐》"""
江,江,江,"""专有名词。长江，扬子江。孟子滕文公上：""决汝汉，排淮泗，而注之～。""",决汝汉，排淮泗，而注之江。,"""《孟子》；《杜甫》"""
关,关,关,"门闩。左传襄公二十八年：\""臧纥斩鹿门之～以出。",门虽设而常关。,"""《周礼》；《左传》；《孟子》；《贾谊》；《陶渊明》；《杜甫》"""
宫,宫,宫,"房屋，住宅。论语子张：\""譬之～墙。",作阿房宫。,"""《尚书》；《礼记》；《论语》；《孟子》；《贾谊》；《杜甫》"""
府,府,府,"藏财物的地方。孟子滕文公上：\""今也滕有仓廪～库，则是厉民而以自养也。",今也滕有仓廪府库，则是厉民而以自养也。,"""《孟子》；《史记》"""
衣,衣,衣,"衣服，有时候特指上衣。诗经邶风绿衣：\""绿兮～兮，绿～黄裳。",九月授衣。,"""《诗经》；《孟子》；《战国策》"""
冠,冠,冠,"古代帽子的总称。楚辞渔父：\""新沐者必弹～。",新沐者必弹冠。,"""《论语》；《孟子》；《汉书》；《楚辞》；《王勃》；《白居易》"""
屦,屦,屦,"""鞋子。孟子滕文公上：""其徒数十人，皆衣褐，捆～织席以为食。""",其徒数十人，皆衣褐，捆屦织席以为食。,"""《孟子》"""
商,商,商,"做生意的人。左传僖公三十三年：\""郑～人弦高将市於周。",郑商人弦高将市於周。,"""《礼记》；《左传》；《孟子》；《汉书》；《古诗十九首》；《杜甫》"""
贾,贾,贾,读gǔ。卖。,平子每岁贾马。,"""《诗经》；《左传》；《论语》；《孟子》"""
旅,旅,旅,"军队五百人为旅。左传哀公元年：\""有田一成，有众一～。",有田一成，有众一旅。,"""《诗经》；《左传》；《论语》；《孟子》；《史记》"""
徒,徒,徒,"步行。周易贲卦：\""舍车而～。",舍车而徒。,"""《周易》；《左传》；《论语》；《孟子》；《史记》；《战国策》"""
年,年,年,"年成，收成。春秋宣公十六年：\""冬，大有～。",冬，大有年。,"""《诗经》；《春秋》；《孟子》；《战国策》；《庄子》"""
岁,岁,岁,木星。古人分黄道为十二个星次，大致和西洋的十二宫相当。,星纪,"""《左传》；《论语》；《孟子》；《战国策》；《庄子》；《陶潜》"""
说,说,说,"说明，解释。论语八佾：\""成事不～。",若以此说往，杀十人，十重不义，必有十死罪矣。,"""《左传》；《论语》；《孟子》；《史记》；《韩非子》；《墨子》"""
听,听,听,读tīng，又读tìng。听。,夫子式而听之。,"""《礼记》；《论语》；《汉书》；《庄子》；《韩非子》；《世说新语》"""
毁,毁,毁,"损坏，伤害。论语季氏：\""龟玉～於椟中，是谁之过与？",龟玉毁於椟中，是谁之过与？,"""《论语》；《孟子》；《韩非子》"""
誉,誉,誉,"""称赞。墨子非攻上：""从而～之，谓之义。""",从而誉之，谓之义。,"""《孟子》；《墨子》"""
劝,劝,劝,"""鼓励，奖励。与""惩""，""沮""相对。庄子胠箧：""虽有轩冕之赏弗能～。""",惩,"""《左传》；《论语》；《庄子》；《王维》；《杜甫》"""
居,居,居,"坐。论语阳货：\""～，吾语女！\""引申为居住的意思。",居，吾语女！,"""《左传》；《论语》；《孟子》；《史记》；《战国策》；《老子》"""
登,登,登,"从低处走上高处。荀子劝学：\""故不～高山，不知天之高也。",故不登高山，不知天之高也。,"""《孟子》；《荀子》"""
临,临,临,"从高处往低处看。荀子劝学：\""不～深溪，不知地之厚也。",不临深溪，不知地之厚也。,"""《左传》；《论语》；《汉书》；《荀子》"""
过,过,过,"走过，经过。论语微子：\""孔子～之，使子路问津焉。",孔子过之，使子路问津焉。,"""《左传》；《春秋》；《论语》；《战国策》；《吕氏春秋》"""
称,称,称,"称量物体的轻重。庄子胠箧：\""为之权衡以～之。",为之权衡以称之。,"""《礼记》；《左传》；《史记》；《国语》；《庄子》；《洛阳伽蓝记》"""
量,量,量,读liáng。动词，计算物体容积。,为之斗斛以量之。,"""《左传》；《论语》；《孟子》；《史记》；《三国志》；《庄子》；《枚乘》；《王安石》"""
鬻,鬻,鬻,"""读yù。卖。庄子逍遥游：""今一朝而～技百金，请与之。""",今一朝而鬻技百金，请与之。,"""《庄子》"""
市,市,市,"交易物品的场所，市场。孟子滕文公上：\""从许子之道，则～贾不贰。",从许子之道，则市贾不贰。,"""《孟子》；《战国策》；《韩非子》"""
假,假,假,"借。左传僖公五年：\""晋侯复～道於虞以伐虢。",晋侯复假道於虞以伐虢。,"""《左传》；《史记》；《荀子》"""
离,离,离,"分散，分离。跟\""合\""相对，又跟\""即\""相对。",合,"""《论语》；《楚辞》；《韩非子》"""
合,合,合,"闭，合拢。跟\""开\""相对。",开,"""《左传》；《论语》；《史记》；《战国策》；《杜甫》；《白居易》"""
因,因,因,动词。依靠，凭藉。,因人之力而敝之，不仁。,"""《左传》；《论语》；《史记》；《战国策》；《楚辞》；《庄子》；《邹阳》；《苏轼》"""
改,改,改,"""变更 更换。论语雍也：""回也不～其乐。""",回也不改其乐。,"""《论语》；《庄子》；《韩非子》"""
作,作,作,"起来。论语先进：\""舍瑟而～。",舍瑟而作。,"""《论语》；《孟子》"""
为,为,为,"做，造作。战国策齐策四：\""王使人～冠。",王使人为冠。,"""《左传》；《论语》；《孟子》；《战国策》；《庄子》；《荀子》；《韩非子》"""
取,取,取,"拿，拿来占有。左传僖公三十年：\""若不阙秦，将焉～之？",青取之於蓝，而青於蓝。,"""《诗经》；《尚书》；《左传》；《论语》；《孟子》；《史记》；《荀子》"""
求,求,求,"找，寻找。孟子梁惠王上：\""犹缘木而～鱼也。",得,"""《论语》；《孟子》；《史记》；《战国策》"""
奉,奉,奉,"两手恭敬地捧着。左传成公二年：\""再拜稽首，～觞加璧以进。",奉命,"""《左传》；《孟子》；《战国策》；《老子》"""
致,致,致,"给与，送给，献出。左传文公六年：\""尽具其帑，与其器用财贿，\...\...送～诸竟。",士见危致命。,"""《左传》；《论语》；《孟子》；《荀子》；《韩非子》"""
得,得,得,"获得，得到。跟\""失\""相对。",失,"""《左传》；《论语》；《孟子》；《汉书》；《战国策》；《庄子》；《扬雄》"""
益,益,益,"水漫出来，涨。吕氏春秋察今：\""澭水暴～，荆人弗知。",澭水暴益，荆人弗知。,"""《尚书》；《春秋》；《论语》；《孟子》；《庄子》；《吕氏春秋》"""
竭,竭,竭,"""枯竭。跟""盈""相对。左传庄公十年：""彼～我盈，故克之。""",盈,"""《左传》；《楚辞》"""
坚,坚,坚,"""硬，结实。跟""脆""相对。庄子逍遥游：""以盛水浆，其～不能自举也。""",脆,"""《史记》；《汉书》；《后汉书》；《庄子》"""
利,利,利,锐利，快。一般指兵器或工具的锐利。,钝,"""《左传》；《论语》；《孟子》；《荀子》；《墨子》"""
完,完,完,"完整，完善，没有损坏。荀子劝学：\""巢非不～也。",巢非不完也。,"""《左传》；《孟子》；《荀子》；《杜甫》"""
备,备,备,"完备，齐备。论语微子：\""无求～於一人。",无求备於一人。,"""《左传》；《论语》；《战国策》；《庄子》；《荀子》"""
陈,陈,陈,"陈列。左传隐公五年：\""～鱼而观之。",陈鱼而观之。,"""《左传》；《论语》；《孟子》；《史记》；《战国策》；《楚辞》；《古诗十九首》"""
故,故,故,"原因。左传隐公元年：\""公语之～。",公语之故。,"""《尚书》；《左传》；《论语》；《孟子》；《战国策》；《国语》；《墨子》；《孟浩然》"""
穷,穷,穷,"阻塞不通。跟\""通\""或\""达\""相对。",夫处穷闾厄巷。,"""《礼记》；《孟子》；《史记》；《三国志》；《战国策》；《楚辞》；《庄子》；《山海经》；《陶潜》；《王勃》；《韩愈》"""
难,难,难,"不容易，困难。跟\""易\""相对。",易,"""《左传》；《论语》；《孟子》；《史记》；《汉书》；《老子》；《庄子》；《杜甫》；《王安石》"""
夷,夷,夷,"平，平坦。老子五十三章：\""大道甚～，而民好径。",塞井夷灶，陈於军中。,"""《左传》；《论语》；《孟子》；《史记》；《汉书》；《国语》；《老子》；《韩非子》；《王勃》"""
平,平,平,"平坦。汉书李广传：\""尚四五十里，得～地。",尚四五十里，得平地。,"""《诗经》；《孟子》；《汉书》"""
庸,庸,庸,"用。一般只见於\""无～\""这种固定形式。",无庸,"""《尚书》；《左传》；《战国策》；《庄子》；《贾谊》；《韩愈》"""
已,已,已,"动词，停止。论语泰伯：\""死而后～。",必不得已而去，於斯三者何先？,"""《论语》；《孟子》；《庄子》；《荀子》"""
必,必,必,"""副词，一定。墨子非攻上：""～有一死罪矣。""",必有一死罪矣。,"""《史记》；《汉书》；《庄子》；《韩非子》；《墨子》"""
一,一,一,"基数。左传隐公元年：\""大都不过参国之～。",大都不过参国之一。,"""《诗经》；《礼记》；《左传》；《孟子》；《战国策》；《荀子》；《韩非子》；《杜甫》"""
参,参,参,读sān。三分。,大都不过参国之一。,"""《诗经》；《左传》；《司马迁》"""
什,什,什,"作为一个单位的十。军队中十人为\""什\""。",亦各置千长，百长，什长。,"""《诗经》；《礼记》；《孟子》；《史记》；《汉书》；《后汉书》；《老子》；《庄子》；《文选》；《文心雕龙》；《萧统》；《韩愈》；《白居易》"""
伯,伯,伯,"长（zhǎng），大的。孟子告子上：\""乡人长於～兄一岁，则谁敬？",乡人长於伯兄一岁，则谁敬？,"""《诗经》；《左传》；《孟子》；《司马迁》"""
晦,晦,晦,"阴历每月的最后一天。庄子逍遥游：\""朝菌不如～朔。",朝菌不如晦朔。,"""《诗经》；《庄子》；《欧阳修》"""
朔,朔,朔,"阴历每月的初一。论语八佾：\""子贡欲去告～之饩羊。",子贡欲去告朔之饩羊。,"""《论语》；《庄子》；《曹植》；《杜甫》"""
时,时,时,"季节（指春，夏，秋，冬）。论语阳货：\""天何言哉？",天何言哉？四时行焉，百物生焉！,"""《论语》；《孟子》；《庄子》"""
世,世,世,"三十年为一世。论语子路：\""如有王者，必～而后仁。",君子疾没世而名不称焉。,"""《论语》；《孟子》；《楚辞》；《庄子》；《陶潜》"""
期,期,期,"一定的时间，期限。诗经王风君子于役：\""君子于役，不知其～。",君子于役，不知其期。,"""《诗经》；《论语》；《韩非子》"""
官,官,官,"行政机关（指处所）。论语子张：\""不见宗庙之美，百～之富。",不见宗庙之美，百官之富。,"""《左传》；《论语》；《战国策》；《庄子》；《荀子》；《韩非子》；《墨子》；《贾谊》；《司马迁》；《王安石》"""
爵,爵,爵,"古代酒器之一种。左传庄公二十三年：\""虢公请器，王与之～。",虢公请器，王与之爵。,"""《左传》；《孟子》；《韩非子》"""
权,权,权,"秤，秤锤。庄子胠箧：\""为之～衡以称之。",为之权衡以称之。,"""《公羊传》；《孟子》；《史记》；《汉书》；《庄子》；《荀子》；《贾谊》；《李白》；《韩愈》"""
衡,衡,衡,"驾车用的工具，轭上的横木。庄子马蹄：\""夫加之以～扼。",欲以区区之越与天子抗衡为敌国。,"""《史记》；《庄子》；《洛阳伽蓝记》；《贾谊》"""
果,果,果,"果子，果实。礼记曲礼上：\""赐～於君前。",赐果於君前。,"""《礼记》；《论语》；《孟子》；《战国策》；《庄子》；《韩非子》；《陶潜》"""
实,实,实,"果实，种子。庄子逍遥游：\""魏王贻我大瓠之种，我树之成，而～五石。",魏王贻我大瓠之种，我树之成，而实五石。,"""《诗经》；《左传》；《庄子》；《荀子》；《贾谊》；《苏轼》"""
聪,聪,聪,"""耳力好，听觉敏锐。跟""聋""相对。孟子离娄上：""师旷之～，不以六律不能正五音。""",聋,"""《礼记》；《孟子》；《荀子》"""
明,明,明,"亮，光明。诗经齐风鸡鸣：\""东方～矣。",东方明矣。,"""《诗经》；《孟子》；《战国策》；《国语》；《楚辞》；《荀子》；《韩非子》；《司马迁》"""
功,功,功,"""工作，包括农事，劳役，文事，武事等。诗经豳风七月：""载缵武～。""",载缵武功。,"""《诗经》；《孟子》；《史记》；《荀子》"""
名,名,名,"名字。庄子逍遥游：\""其～为鲲。",其名为鲲。,"""《礼记》；《左传》；《春秋》；《论语》；《楚辞》；《庄子》"""
北,北,北,"北方。庄子逍遥游：\""穷发之～，有冥海者，天池也。",穷发之北，有冥海者，天池也。,"""《庄子》；《韩非子》；《贾谊》"""
中,中,中,"内部，中间，中心。论语季氏：\""龟玉毁於椟～，是谁之过与？",龟玉毁於椟中，是谁之过与？,"""《论语》；《孟子》；《三国志》；《战国策》；《庄子》；《荀子》"""
下,下,下,形容词。下面的，下级的。,上,"""《左传》；《论语》；《老子》；《庄子》"""
遵,遵,遵,"""顺着道路走。诗经豳风七月：""～彼微行。""",遵彼微行。,"""《诗经》；《尚书》；《孟子》；《楚辞》"""
徂,徂,徂,"""往。诗经卫风氓：""自我～尔，三岁食贫。""",自我徂尔，三岁食贫。,"""《诗经》"""
征,征,征,"远行。左传僖公四年：\""昭王南～而不复。","""舜生三十征庸。""","""《尚书》；《礼记》；《论语》；《史记》；《汉书》；《后汉书》；《战国策》"""
归,归,归,"女子出嫁。诗经周南桃夭：\""之子于～，宜其室家。",之子于归，宜其室家。,"""《诗经》；《周易》；《左传》；《论语》"""
陟,陟,陟,"""登，上。一般指登山或登高。诗经周南卷耳：""～彼高冈。""",陟彼高冈。,"""《诗经》；《韩愈》"""
降,降,降,"读jiàng。从高处走下来，跟\""陟\""相对。",陟,"""《诗经》；《孟子》；《汉书》；《司马迁》"""
流,流,流,"水流动。孟子滕文公上：\""洪水横～。",管叔及其群弟乃流言于国。,"""《尚书》；《礼记》；《孟子》；《汉书》；《楚辞》"""
放,放,放,"驱逐。战国策齐策四：\""齐～其大臣孟尝君於诸侯。",齐放其大臣孟尝君於诸侯。,"""《孟子》；《战国策》；《楚辞》"""
游,游,游,"闲逛，随意旅行。楚辞渔父：\""屈原既放，～於江潭。","""就其浅矣，泳之游之。""","""《诗经》；《墨子》；《文选》；《萧统》；《欧阳修》"""
浮,浮,浮,"""浮在水面，跟""沉""相对。诗经小雅菁菁者莪：""载沉载～。""",沉,"""《诗经》；《论语》；《楚辞》"""
集,集,集,"鸟群停在树上。诗经唐风鸨羽：\""肃肃鸨羽，～于苞栩。",沙鸥翔集。,"""《诗经》；《左传》；《世说新语》；《贾谊》；《王羲之》；《范仲淹》"""
采,采,采,"用手指摘取。诗经周南关雎：\""参差荇菜，左右～之。",参差荇菜，左右采之。,"""《诗经》；《礼记》；《孟子》；《史记》；《汉书》；《后汉书》；《文心雕龙》；《杜甫》"""
叔,叔,叔,"用手拾取。诗经豳风七月：\""九月～苴。",九月叔苴。,"""《诗经》"""
振,振,振,"摇动，抖动。诗经豳风七月：\""六月莎鸡～羽。",振长策而御宇内。,"""《诗经》；《孟子》；《战国策》；《楚辞》；《文心雕龙》；《贾谊》"""
援,援,援,"""拉，拽(zhuài)。孟子离娄上：""嫂溺～之以手。""",嫂溺援之以手。,"""《孟子》；《汉书》；《后汉书》；《楚辞》"""
操,操,操,"拿住，握在手里。楚辞国殇：\""～吴戈兮被犀甲。",操吴戈兮被犀甲。,"""《孟子》；《汉书》；《楚辞》；《韩非子》"""
秉,秉,秉,"禾把。诗经小雅大田：\""彼有遗～，此有滞穗。",岂不以僧有多稌之期，友无遗秉之报？,"""《诗经》"""
举,举,举,"举起来，抬起来。孟子梁惠王上：\""吾力足以～百钧，而不足以～一羽。",吾力足以举百钧，而不足以举一羽。,"""《左传》；《谷梁传》；《论语》；《孟子》；《楚辞》"""
斯,斯,斯,"砍。诗经陈风墓门：\""墓门有棘，斧以～之。",墓门有棘，斧以斯之。,"""《诗经》；《论语》；《孟子》；《楚辞》"""
伐,伐,伐,"砍，砍伐。诗经周南汝坟：\""～其条枚。",伐其条枚。,"""《诗经》；《左传》；《论语》"""
稼,稼,稼,"禾的穗和果实。诗经豳风七月：\""十月纳禾～。",十月纳禾稼。,"""《诗经》；《孟子》"""
穑,穑,穑,"""收割［禾麦］。例见〔稼〕字条。""",稼穑,"""《诗经》"""
获,获,获,"""猎得［禽兽］。孟子滕文公下：""终日而不～一禽。""","""终日而不获一禽。""","""《左传》；《孟子》；《墨子》"""
纳,纳,纳,"收，收进。跟\""出\""相对。",闭门不纳,"""《诗经》；《尚书》；《礼记》；《左传》"""
交,交,交,"纵横交错，交叉。孟子滕文公上：\""兽蹄鸟迹之道，～於中国。",兽蹄鸟迹之道，交於中国。,"""《论语》；《孟子》；《楚辞》；《王勃》；《韩愈》；《白居易》；《文天祥》"""
错,错,错,镶嵌。在金属器物上雕镂，然后将另一种熔金倾入，待冷却后，磨错使平。,错刀,"""《诗经》；《礼记》；《论语》；《汉书》；《战国策》；《楚辞》；《张衡》"""
被,被,被,"被子。楚辞招魂：\""翡翠珠～。",翡翠珠被。,"""《论语》；《孟子》；《战国策》；《楚辞》"""
任,任,任,旧读rén，平声。负担。,是任是负。,"""《诗经》；《尚书》；《礼记》；《左传》；《论语》"""
负,负,负,"揹，载。庄子逍遥游：\""水之积也不厚，则其～大舟也无力。",水之积也不厚，则其负大舟也无力。,"""《孟子》；《史记》；《战国策》；《庄子》"""
施,施,施,"施行，实行。论语为政：\""～於有政。",施於有政。,"""《诗经》；《左传》；《论语》；《孟子》；《庄子》"""
用,用,用,"使用，应用。诗经大雅公刘：\""酌之～匏。",酌之用匏。,"""《诗经》；《左传》；《论语》；《孟子》；《战国策》；《老子》；《荀子》"""
制,制,制,"""裁成衣服。楚辞离骚：""～芰荷以为衣兮。""","""制芰荷以为衣兮。""","""《诗经》；《楚辞》；《文选》；《文心雕龙》；《洛阳伽蓝记》；《萧统》"""
怀,怀,怀,"想念。诗经周南卷耳：\""嗟我～人。",嗟我怀人。,"""《诗经》；《尚书》；《左传》；《论语》；《战国策》；《楚辞》；《贾谊》；《陶渊明》"""
慕,慕,慕,"""爱恋，思念。孟子万章上：""人少，则～父母。""",人少，则慕父母。,"""《孟子》；《史记》；《楚辞》"""
惩,惩,惩,"自己受创（失败教训）而知戒。诗经周颂小毖：\""予其～而毖后患。",予其惩而毖后患。,"""《诗经》；《孟子》；《楚辞》；《列子》"""
悼,悼,悼,"""伤感。诗经卫风氓：""静言思之，躬自～矣！""引申为追念死去的人（后起义）。元积遣悲怀：""潘岳～亡又费辞。""",静言思之，躬自悼矣！,"""《诗经》"""
淑,淑,淑,"""好，善。诗经周南关雎：""窈窕～女，君子好逑。""",窈窕淑女，君子好逑。,"""《诗经》"""
幸,幸,幸,"逢凶化吉，免於灾祸，形容词。论语雍也：\""不～短命死矣。",善人在上，则国无幸民。,"""《礼记》；《左传》；《论语》；《史记》；《汉书》；《荀子》；《司马迁》；《杜甫》"""
偷,偷,偷,"苟且，不严肃。楚辞离骚：\""惟夫党人之～乐兮。",惟夫党人之偷乐兮。,"""《论语》；《汉书》；《国语》；《楚辞》；《荀子》；《论衡》；《淮南子》"""
薄,薄,薄,"薄，跟\""厚\""相对。诗经小雅小旻：\""如临深渊，如履～冰。",厚,"""《诗经》；《左传》；《孟子》；《史记》；《楚辞》；《庄子》；《孙子》"""
险,险,险,"""地势不平坦，难以通过。左传成公二年：""苟有～，余必下推车。""",苟有险，余必下推车。,"""《礼记》；《左传》；《孟子》；《史记》；《楚辞》；《荀子》；《贾谊》"""
阻,阻,阻,"""路难走。诗经秦风蒹葭：""道～且长。""",道阻且长。,"""《诗经》；《春秋》；《孟子》；《庄子》；《吕氏春秋》"""
悠,悠,悠,"思。诗经周南关雎：\""～哉～哉，辗转反侧。",悠哉悠哉，辗转反侧。,"""《诗经》；《陶渊明》；《王勃》"""
皇,皇,皇,"大。楚辞离骚：\""朕～考曰伯庸。",朕皇考曰伯庸。,"""《诗经》；《尚书》；《周礼》；《史记》；《战国策》；《楚辞》"""
永,永,永,"""水流长。诗经周南汉广：""江之～矣，不可方思。""",江之永矣，不可方思。,"""《诗经》"""
孔,孔,孔,"""很，甚。诗经豳风七月：""我朱～阳。""",我朱孔阳。,"""《诗经》"""
亟,亟,亟,读qì，去声。屡次，频频。,亟请於武公。,"""《诗经》；《左传》；《论语》"""
庶,庶,庶,"多，繁多，众多。论语子路：\""～矣哉！\""现代有双音词\""富～\""。",庶矣哉！,"""《论语》；《孟子》"""
裘,裘,裘,"""皮衣，皮袄。诗经豳风七月：""取彼狐狸，为公子～。""",取彼狐狸，为公子裘。,"""《诗经》；《论语》"""
褐,褐,褐,"""粗毛编织的衣服，这是古代劳动者所穿的。诗经豳风七月：""无衣无～，何以卒岁？""孟子滕文公上：""许子衣～。""",无衣无褐，何以卒岁？,"""《诗经》；《孟子》；《扬雄》；《左思》"""
裳,裳,裳,"""下衣，裙子，跟""衣""相对。诗经豳风七月：""为公子～。""",衣,"""《诗经》"""
庭,庭,庭,"堂前叫庭。诗经魏风伐檀：\""胡瞻尔～有县貆兮？",不出户庭。,"""《诗经》；《周易》；《周礼》"""
宇,宇,宇,"屋檐。诗经豳风七月：\""八月在～。",八月在宇。,"""《诗经》；《世说新语》；《贾谊》；《苏轼》"""
所,所,所,"处所。诗经卫风硕鼠：\""爰得我～。",爰得我所。,"""《诗经》；《尚书》；《左传》；《史记》"""
骖,骖,骖,"""三匹马驾一辆车。诗经小雅采菽：""载～载驷。""",载骖载驷。,"""《诗经》；《楚辞》"""
驷,驷,驷,"""四匹马驾一辆车。论语颜渊：""～不及舌。""",驷不及舌。,"""《论语》；《战国策》"""
策,策,策,"竹制的马鞭子。贾谊过秦论上：\""振长～而御宇内。",振长策而御宇内。,"""《尚书》；《礼记》；《论语》；《孟子》；《楚辞》；《淮南子》；《贾谊》；《扬雄》；《曹植》；《陶渊明》"""
矢,矢,矢,"箭。左传成公二年：\""自始合，而～贯余手及肘。",自始合，而矢贯余手及肘。,"""《诗经》；《左传》；《楚辞》"""
躬,躬,躬,"""身体。论语尧曰：""万方有罪，罪在朕～。""",万方有罪，罪在朕躬。,"""《诗经》；《论语》"""
身,身,身,"躯干。论语乡党：\""长一～有半。",长一身有半。,"""《礼记》；《论语》；《孟子》；《尔雅》；《战国策》；《楚辞》；《韩非子》"""
领,领,领,"脖子。诗经卫风硕人：\""～如蝤蛴。",引领北望。,"""《诗经》；《左传》；《汉书》；《荀子》；《文心雕龙》"""
武,武,武,"足迹。诗经大雅生民：\""履帝～敏歆。",忽奔走以先后兮，及前王之踵武。,"""《诗经》；《左传》；《楚辞》"""
仇,仇,仇,"对，俦类，俦辈。诗经周南兔：\""公侯好～。",公侯好仇。,"""《诗经》；《左传》；《史记》"""
耦,耦,耦,"""读ǒu，上声。古代的一种耕作方法，据说是二人并耕或二耜并作。论语微子：""长沮桀溺～而耕。""",长沮桀溺耦而耕。,"""《诗经》；《左传》；《论语》"""
征,征,征,召。特指君召臣。,"""舜生三十征庸。""","""《尚书》；《礼记》；《论语》；《史记》；《汉书》；《后汉书》；《战国策》"""
收,收,收,"逮捕。诗经大雅瞻卬：\""此宜无罪，女反～之。",此宜无罪，女反收之。,"""《诗经》；《左传》；《史记》；《汉书》；《后汉书》；《荀子》；《韩愈》"""
发,发,发,"把箭射出去。诗经召南驺虞：\""壹～五?br\> 。","""壹发五?br> 　　。""","""《诗经》；《论语》；《孟子》；《史记》；《汉书》；《战国策》；《楚辞》；《庄子》；《杜甫》；《李商隐》"""
封,封,封,"加土培育树木。左传昭公二年：\""宿（季武子）不敢～殖此树。",引申为聚土筑坟。左传文公三年：,"""《礼记》；《左传》；《孟子》；《史记》；《战国策》；《国语》；《楚辞》；《水经注》；《杜甫》"""
弃,弃,弃,"""抛弃。左传宣公二年：""～人用犬，虽猛何为？""战国策赵策三：""彼秦者，～礼义而上首功之国也。""",弃人用犬，虽猛何为？,"""《左传》；《史记》；《战国策》"""
徙,徙,徙,"迁移。论语述而：\""闻义不能～，不善不能改，是吾忧也。",闻义不能徙，不善不能改，是吾忧也。,"""《诗经》；《易经》；《论语》；《史记》；《汉书》"""
遗,遗,遗,失掉。⊙殴确纾骸捌枞纭！币晡簦雎浴Ｊ芳腔匆鹾盍写骸吧蠛晾逯〖疲煜轮笫！彼韭砬ūㄈ伟彩椋骸按沃植荒苁啊广凇！?br\>,其故家遗俗，流风善政，犹有存者。,"""《左传》；《孟子》；《史记》；《列子》"""
失,失,失,"丧失，失掉，跟\""得\""相对。孟子公孙丑上：\""故久而后～之也。",得,"""《孟子》；《史记》；《庄子》"""
存,存,存,"存在，不及物动词，跟\""亡\""相对。史记淮阴侯列传：\""置之亡地而后～。",亡,"""《诗经》；《史记》；《庄子》；《曹操》"""
处,处,处,"读chǔ，居住。左传僖公四年：\""君～北海，寡人～南海。",君处北海，寡人处南海。,"""《周易》；《左传》；《汉书》；《老子》；《司马迁》"""
坐,坐,坐,"古人铺席於地，两膝着席，臀部压在脚跟上，叫做\""坐\""。论语乡党：\""席不正不～。",坐,"""《论语》；《史记》；《汉书》；《后汉书》；《陶潜》"""
遇,遇,遇,"碰见（不是约会的见面）。诗经郑风野有蔓草：\""邂逅相。",邂逅相。,"""《诗经》；《论语》；《孟子》；《史记》；《庄子》；《杜甫》；《韩愈》"""
接,接,接,"交接，接触。孟子梁惠王上：\""兵刃既～。",兵刃既接。,"""《孟子》；《史记》；《楚辞》"""
承,承,承,"捧着。左传成公十六年：\""使行人执榼～饮。",持节承诏。,"""《诗经》；《左传》；《汉书》；《三国志》；《楚辞》；《贾谊》；《白居易》"""
扶,扶,扶,"""搀着，搀起。论语季氏：""危而不持，颠而不～。""",危而不持，颠而不扶。,"""《论语》；《山海经》；《扬雄》；《陶潜》；《杜甫》"""
刺,刺,刺,"扎，用尖长的武器杀伤。孟子梁惠王上：\""是何异於～人而杀之。",是何异於刺人而杀之。,"""《诗经》；《孟子》；《史记》；《汉书》；《后汉书》"""
折,折,折,读zhé，及物动词。把东西弄断。,折北不救。,"""《诗经》；《易经》；《左传》；《论语》；《史记》；《三国志》；《战国策》；《淮南子》；《曹操》；《陶潜》；《李白》"""
戮,戮,戮,"杀，处决，处以死刑。左传成公三年：\""首其请於寡君而以～於宗。",首其请於寡君而以戮於宗。,"""《左传》；《史记》"""
问,问,问,"提出问题，询问。左传隐公元年：\""敢～何谓也？",敢问何谓也？,"""《诗经》；《左传》；《汉书》"""
对,对,对,"回答在上的提问。左传隐公元年：\""公问之。","""公问之。对曰：'小人有母，皆尝小人之食矣，未尝君之羹。'""","""《左传》；《论语》；《史记》；《曹操》"""
许,许,许,"应允，跟\""辞\""相对。左传隐公元年：\""亟请於武公，公弗～。",辞,"""《左传》；《汉书》；《水经注》；《古诗十九首》；《陶潜》"""
省,省,省,读xǐng。视，视察，察看。,命有司省囹圄，去桎梏。,"""《尚书》；《礼记》；《周礼》；《左传》；《论语》；《汉书》；《三国志》；《荀子》；《洛阳伽蓝记》；《杜甫》"""
审,审,审,"详细，详尽。礼记中庸：\""博学之，～问之。",博学之，审问之。,"""《礼记》；《春秋》；《吕氏春秋》；《贾谊》；《司马迁》"""
虑,虑,虑,"""思量，打算，考虑。论语卫灵公：""人无远～，必有近忧。""",人无远虑，必有近忧。,"""《论语》；《孟子》；《史记》；《楚辞》"""
怨,怨,怨,"心怀不满，埋怨，抱怨。左传襄公三十一年：\""我闻忠善以损～，不闻作威以防～。",我闻忠善以损怨，不闻作威以防怨。,"""《左传》；《论语》；《孟子》；《史记》；《楚辞》"""
忍,忍,忍,"忍耐。左传成公二年：\""吾子～之。",吾子忍之。,"""《左传》；《论语》；《孟子》；《史记》"""
快,快,快,"""高兴。孟子梁惠王上：""然后～於心与？""又：""吾何～於是？""史记魏公子列传：""公子行数里，心不～。""",然后快於心与？,"""《孟子》；《史记》"""
兴,兴,兴,"起，起来。论语卫灵公：\""从者病，莫能～。",从者病，莫能兴。,"""《论语》；《孟子》；《三国志》；《世说新语》；《司马迁》"""
废,废,废,"舍弃，停止，废弃。论语微子：\""长幼之节不可～也。",长幼之节不可废也。,"""《礼记》；《论语》；《孟子》；《史记》；《汉书》；《后汉书》；《庄子》；《欧阳修》"""
变,变,变,"改变，变动，变化。战国策楚策四：\""襄王闻之，颜色～作。",襄王闻之，颜色变作。,"""《孟子》；《史记》；《汉书》；《战国策》"""
曲,曲,曲,"弯曲。跟\""直\""相对。",直,"""《诗经》；《左传》；《史记》；《三国志》；《战国策》；《楚辞》；《老子》；《庄子》；《荀子》；《列子》；《司马迁》"""
直,直,直,"不弯曲，跟\""曲\""相对，又跟\""枉\""相对。荀子劝学：\""木～中绳。",能使枉者直。,"""《仪礼》；《左传》；《论语》；《孟子》；《史记》；《汉书》；《后汉书》；《战国策》；《楚辞》；《荀子》；《洛阳伽蓝记》；《杜甫》"""
长,长,长,"长，跟\""短\""相对。诗经秦风蒹葭：\""道阻且～。",短,"""《诗经》；《论语》；《孟子》；《史记》；《汉书》；《三国志》；《老子》；《庄子》"""
小,小,小,"""小，跟""大""相对。战国策楚策四：""夫黄雀其～者也。""",大,"""《诗经》；《尚书》；《礼记》；《左传》；《论语》；《孟子》；《史记》；《汉书》；《战国策》"""
贪,贪,贪,"""不择手段地取得财物，跟""廉""相对。左传襄公二十三年：""～货弃命。""",廉,"""《左传》；《楚辞》"""
廉,廉,廉,"堂的边。仪礼乡饮酒：\""设席于堂～东上。",设席于堂廉东上。,"""《礼记》；《仪礼》；《孟子》；《汉书》；《楚辞》"""
轻,轻,轻,"""分量小，跟""重""相对。孟子梁惠王上：""权，然后知～重。""",重,"""《孟子》；《汉书》；《战国策》；《楚辞》"""
重,重,重,"读zhòng，分量大，跟\""轻\""相对。孟子滕文公上：\""麻缕丝絮轻～同，则贾相若。",轻,"""《周易》；《左传》；《论语》；《孟子》；《史记》；《汉书》；《后汉书》；《战国策》；《楚辞》；《庄子》；《荀子》"""
狂,狂,狂,"狗发疯。晋书五行志：\""早岁，犬多～死。",狂妄,"""《春秋》；《论语》；《史记》；《汉书》；《老子》；《陶渊明》；《王维》；《韩愈》"""
殆,殆,殆,"危险。庄子秋水：\""吾非至於子之门，则～矣。",吾非至於子之门，则殆矣。,"""《孟子》；《庄子》；《文心雕龙》"""
危,危,危,"高。庄子盗跖：\""使子路去其～冠，解其长剑。",使子路去其危冠，解其长剑。,"""《论语》；《孟子》；《庄子》；《列子》；《李白》"""
面,面,面,"脸。庄子秋水：\""於是焉河伯始旋其～目。",於是焉河伯始旋其面目。,"""《论语》；《汉书》；《庄子》；《白居易》"""
口,口,口,"嘴。孟子梁惠王上：\""为肥甘不足於～与？",山有小口，仿佛若有光。,"""《孟子》；《汉书》；《后汉书》；《庄子》；《陶潜》"""
齿,齿,齿,"排列於唇前的牙。左传僖公五年：\""唇亡～寒者，其虞虢之谓也。",唇亡齿寒者，其虞虢之谓也。,"""《左传》；《孟子》；《庾信》；《韩愈》；《白居易》；《欧阳修》"""
耳,耳,耳,"耳朵。荀子劝学：\""～不能两听而聪。",耳不能两听而聪。,"""《孟子》；《史记》；《三国志》；《战国策》；《荀子》"""
目,目,目,"眼。荀子劝学：\""～不能两视而明。",目不能两视而明。,"""《礼记》；《论语》；《史记》；《国语》；《荀子》"""
指,指,指,"手指，名词。庄子骈拇：\""骈拇枝～，出乎性哉。",骈拇枝指，出乎性哉。,"""《易经》；《礼记》；《孟子》；《汉书》；《庄子》；《文心雕龙》"""
饭,饭,饭,"动词，吃［饭］，论语述而：\""～疏食，饮水。\""又使动用法，给饭吃。",饭疏食，饮水。,"""《礼记》；《论语》；《史记》；《邹阳》"""
食,食,食,"吃。左传隐公元年：\""～舍肉。",食舍肉。,"""《左传》；《论语》；《史记》；《战国策》"""
服,服,服,"事，特指政务。诗经大雅荡：\""曾是在位，曾是在～。",服官政。,"""《诗经》；《尚书》；《易经》；《礼记》；《论语》；《孟子》；《史记》；《古诗十九首》；《贾谊》"""
饰,饰,饰,"打扮，装饰。论语乡党：\""君子不以绀緅～。",夫铅黛所以饰容。,"""《左传》；《论语》；《汉书》；《后汉书》；《楚辞》；《庄子》；《文心雕龙》"""
布,布,布,"麻布。古代\""布帛\""并称，丝织品称\""帛\""，麻织品称\""布\""。",布帛,"""《诗经》；《礼记》；《左传》；《孟子》；《史记》；《战国策》；《荀子》；《文心雕龙》；《杜甫》"""
斗,斗,斗,"有柄的酒器。诗经大雅行苇：\""酌以大～。",玉斗一双，欲与亚父。,"""《诗经》；《史记》；《楚辞》；《庄子》；《陶潜》；《王勃》"""
式,式,式,"法式，楷模。伪古文尚书微子之命：\""万邦作～。",万邦作式。,"""《尚书》；《礼记》；《汉书》；《后汉书》；《文选》；《萧统》"""
检,检,检,"法则，法度，方式。曹丕典论论文：\""曲度虽均，节奏同～。",曲度虽均，节奏同检。,"""《孟子》；《文心雕龙》"""
英,英,英,"花。诗经郑风有女同车：\""颜如舜～。",朝饮木兰之坠露兮，夕餐秋菊之落英。,"""《诗经》；《礼记》；《孟子》；《楚辞》；《文心雕龙》；《陶潜》"""
灵,灵,灵,"事神的女巫。楚辞九歌东皇太一：\""～偃蹇兮姣服。",灵连蜷兮既留。,"""《楚辞》；《文心雕龙》；《韩愈》"""
豪,豪,豪,"长而尖锐的毛。庄子齐物论：\""天下莫大於秋～之末。",天下莫大於秋豪之末。,"""《孟子》；《史记》；《庄子》；《洛阳伽蓝记》；《贾谊》；《陶潜》"""
然,然,然,"烧，引火点着。孟子公孙丑上：\""若火之始～，泉之始达。",若火之始然，泉之始达。,"""《论语》；《孟子》；《史记》；《贾谊》；《韩愈》"""
且,且,且,连词。而且。,公语之故，且告之悔。,"""《诗经》；《左传》；《论语》；《孟子》；《史记》；《贾谊》"""
或,或,或,"无定代词，表示\""有人\""，但不知道姓名，或不指称姓名。孟子公孙丑上：\""～问乎曾西曰。",有人,"""《孟子》；《史记》；《汉书》"""
曾,曾,曾,"读zēng。祖之父为\""曾祖\""，孙之子为\""曾孙\""。",曾祖,"""《诗经》；《孟子》；《史记》；《战国策》"""
更,更,更,"读gēng，平声，改变。论语子张：\""君子之过也，如日月之食焉。",君子之过也，如日月之食焉。过也，人皆见之；更也，人皆仰之。,"""《左传》；《论语》；《汉书》；《后汉书》；《庄子》"""
渐,渐,渐,"流入。尚书禹贡：\""东～于海。",东渐于海。,"""《尚书》；《易经》；《汉书》；《荀子》；《白居易》"""
俱,俱,俱,"动词，在一起，同去或同来。史记魏公子列传：\""臣客屠者朱亥可与～。",臣客屠者朱亥可与俱。,"""《诗经》；《孟子》；《史记》；《战国策》；《山海经》；《陶潜》"""
并,并,并,"动词，平行，平列。庄子马蹄：\""族与万物～。",并殷周之迹。,"""《孟子》；《庄子》；《贾谊》"""
而,而,而,连词。连接两种性质或两种行为。,温故而知新。,"""《诗经》；《论语》；《史记》；《庄子》；《荀子》；《孙子》"""
若,若,若,"动词，像。论语宪问：\""岂～匹夫匹妇之为谅也？",岂若匹夫匹妇之为谅也？,"""《诗经》；《左传》；《论语》；《孟子》；《史记》；《汉书》；《庄子》；《文选》；《萧统》"""
尔,尔,尔,代词。你，你们,尔爱其羊，我爱其礼。,"""《诗经》；《论语》；《孟子》；《颜氏家训》；《陶潜》"""
建,建,建,"竖立。老子五十四章：\""善～者不拔。",建鼓整列。,"""《左传》；《史记》；《汉书》；《老子》；《水经注》"""
置,置,置,"安放，放，安置。史记项羽本纪：\""项王则受璧，～之坐上。",项王则受璧，置之坐上。,"""《诗经》；《左传》；《孟子》；《史记》；《汉书》；《战国策》；《韩愈》；《苏轼》"""
罢,罢,罢,"停止。论语子罕：\""欲～不能。",欲罢不能。,"""《论语》；《史记》；《贾谊》；《王勃》；《欧阳修》"""
学,学,学,"学习。论语述而：\""～而不厌。",学而不厌。,"""《礼记》；《论语》；《韩愈》"""
养,养,养,"""养活，使能生活下去。礼记礼运：""矜寡孤独废疾者皆有所～。""",矜寡孤独废疾者皆有所养。,"""《礼记》；《孟子》；《战国策》；《司马迁》；《欧阳修》"""
干,干,干,"盾牌。礼记檀弓下：\""能执～戈，以卫社稷。",能执干戈，以卫社稷。,"""《诗经》；《礼记》；《左传》；《论语》；《史记》；《列子》；《孔稚珪》；《李白》；《杜甫》"""
谒,谒,谒,"""告，禀告。左传隐公十一年：""惟我郑国之有请～焉。""",惟我郑国之有请谒焉。,"""《左传》；《史记》；《汉书》；《杜甫》"""
徇,徇,徇,"巡行，特指巡行以示众。左传僖公二十八年：\""杀颠颉以～於师。",杀颠颉以徇於师。,"""《左传》；《史记》；《汉书》；《贾谊》；《司马迁》"""
矫,矫,矫,"揉曲使直。荀子性恶：\""故枸木必将待 栝烝～然后直。",矫,"""《诗经》；《礼记》；《史记》；《战国策》；《庄子》；《荀子》；《文心雕龙》；《扬雄》；《陶潜》"""
效,效,效,"致，呈献。史记淮阴侯列传：\""诸将～首虏。",愿效愚忠。,"""《左传》；《史记》；《汉书》；《后汉书》；《淮南子》；《司马迁》；《王勃》"""
留,留,留,"""停留，不走，不离开原地点。跟去相对。史记淮阴侯列传：""王计必欲东，能用信，信即～。""",王计必欲东，能用信，信即留。,"""《史记》；《文心雕龙》；《陶潜》"""
遣,遣,遣,"派遣，差使，打发。史记项羽本纪：\""乃～其子宋襄相齐。",赠此遣岑寂。,"""《史记》；《汉书》；《后汉书》；《杜甫》；《韩愈》"""
逢,逢,逢,"遭遇。诗经邶风柏舟：\""～彼之怒。",若非群玉山头见，会向瑶台月下逢。,"""《诗经》；《左传》；《孟子》；《史记》；《邹阳》；《李白》"""
候,候,候,"守望，放哨。战国策秦策四：\""韩必为关中之～，......而魏亦关内～矣。","""韩必为关中之候，……而魏亦关内候矣。""","""《史记》；《汉书》；《战国策》；《谢灵运》；《杜甫》；《苏轼》"""
延,延,延,"引长，延长。左传成公十三年：\""君亦悔祸之～。",君亦悔祸之延。,"""《左传》；《史记》；《汉书》；《战国策》"""
胜,胜,胜,读shēng，阴平声。动词，用於名词的前面。,沛公不胜桮杓。,"""《孟子》；《史记》；《司马迁》；《王勃》；《杜甫》"""
守,守,守,防守，保卫。跟攻相对。,凿斯池也，筑斯城也，与民守之。,"""《孟子》；《史记》；《汉书》；《战国策》；《扬雄》；《欧阳修》"""
破,破,破,打破。及物动词。,皆沈船，破釜甑。,"""《史记》；《曹植》；《杜甫》；《苏轼》"""
骑,骑,骑,"骑［马］。史记项羽本纪：\""骏马名骓，常～之。",骏马名骓，常骑之。,"""《史记》"""
伏,伏,伏,"趴［在地上、床上等］。礼记曲礼上：\""寝毋～。",寝毋伏。,"""《礼记》；《左传》；《史记》；《汉书》；《司马迁》；《邹阳》；《杜甫》"""
围,围,围,"环绕。庄子则阳：\""精至於无伦，大至於不可～。",精至於无伦，大至於不可围。,"""《史记》；《汉书》；《庄子》；《枚乘》；《李商隐》"""
突,突,突,"很急速地向前冲或向外冲。王延寿鲁灵光殿赋序：\""盗贼奔～。",盗贼奔突。,"""《周易》；《汉书》；《墨子》"""
禽,禽,禽,"鸟兽的总名。周易屯卦：\""即鹿无虞，以从～也。",五禽戏,"""《周易》；《周礼》；《左传》；《孟子》；《史记》；《汉书》；《谢灵运》"""
纵,纵,纵,"释放。跟\""禽\""相对。",禽,"""《史记》；《汉书》；《后汉书》；《庄子》；《荀子》；《贾谊》；《苏轼》；《陆游》"""
购,购,购,"""悬赏征求。史记项羽本纪：""吾闻汉～我头千金，邑万户。""",吾闻汉购我头千金，邑万户。,"""《史记》"""
抑,抑,抑,用手压，摁。跟扬相对。,高者抑之，下者举之。,"""《论语》；《孟子》；《史记》；《汉书》；《老子》；《文心雕龙》；《司马迁》；《韩愈》；《柳宗元》；《白居易》"""
按,按,按,"用手向下压，摁(èn)。汉书霍光传：\""田延年前离席～剑。",田延年前离席按剑。,"""《史记》；《汉书》；《文心雕龙》；《论衡》；《洛阳伽蓝记》；《贾谊》；《扬雄》"""
拔,拔,拔,"拔起来，拔出来。老子五十四章：\""善建者不～。",善建者不拔。,"""《孟子》；《史记》；《老子》；《孔稚珪》"""
擢,擢,擢,"拔。枚乘说吴王书：\""夫十围之木，始生如蘖，足可搔而绝，手可～而拔。",夫十围之木，始生如蘖，足可搔而绝，手可擢而拔。,"""《汉书》；《枚乘》"""
挟,挟,挟,"""夹在腋下。孟子梁惠王上：""～太山以超北海。""",挟太山以超北海。,"""《孟子》；《三国志》；《邹阳》；《苏轼》"""
将,将,将,"奉，承。诗经周颂我将：\""我～我享，维羊维牛。",乍暖还寒时候，最难将息。,"""《诗经》；《尚书》；《左传》；《论语》；《孟子》；《史记》；《汉书》；《战国策》；《楚辞》；《孙子》；《水经注》；《谢灵运》；《庾信》；《李白》"""
烝,烝,烝,"火气上升。荀子性恶：\""枸木必将待 栝～矫然后直（这里的\""烝\""实际上就是\""烘\""。",蒸,"""《诗经》；《左传》；《汉书》；《荀子》；《杜甫》；《李华》"""
亨,亨,亨,读hēng。通。,品物咸亨。,"""《诗经》；《易经》；《左传》；《史记》"""
顾,顾,顾,"回头看。楚辞哀郢：\""过夏口而西浮兮，～龙门而不见。",过夏口而西浮兮，顾龙门而不见。,"""《诗经》；《史记》；《楚辞》；《贾谊》；《司马迁》"""
察,察,察,"观察，审察。孟子梁惠王上：\""～邻国之政，无如寡人之用心者。",察邻国之政，无如寡人之用心者。,"""《礼记》；《左传》；《春秋》；《孟子》；《汉书》；《楚辞》；《老子》；《吕氏春秋》"""
裁,裁,裁,"裁［衣］。杜甫白丝行：\""～缝灭尽针线迹。",裁缝灭尽针线迹。,"""《汉书》；《战国策》；《文心雕龙》；《司马迁》；《谢灵运》；《沈约》；《杜甫》"""
断,断,断,及物动词。砍断，截断，剪断，锯断。,断木为杵。,"""《周易》；《汉书》；《庄子》；《枚乘》；《杜甫》"""
奏,奏,奏,"进。庄子养生主：\""～刀騞然。",争奏酒炙。,"""《汉书》；《庄子》；《文选》；《论衡》；《司马迁》；《萧统》；《王勃》"""
委,委,委,"堆积［在地］。庄子养生主：\""如土～地。",如土委地。,"""《孟子》；《汉书》；《庄子》；《孙子》；《文心雕龙》；《扬雄》；《邹阳》；《陶潜》；《谢灵运》；《沈约》；《白居易》"""
捐,捐,捐,"除去，撤去。孟子万章上：\""父母使舜完廪，～阶。",父母使舜完廪，捐阶。,"""《孟子》；《史记》；《古诗十九首》；《韩愈》"""
详,详,详,"详细，详尽。孟子离娄下：\""博学而～说之。",博学而详说之。,"""《孟子》；《史记》；《汉书》；《水经注》；《邹阳》；《欧阳修》"""
诈,诈,诈,"""不诚实，虚伪。论语子罕：久矣哉，由之行～也。""",诈,"""《论语》；《史记》；《汉书》；《后汉书》；《战国策》；《贾谊》"""
与,与,与,"给。跟\""取\""相对，又跟\""夺\""相对。",取,"""《尚书》；《左传》；《论语》；《孟子》；《史记》；《战国策》；《世说新语》；《司马迁》；《陶潜》；《杜甫》；《欧阳修》"""
夺,夺,夺,"""夺去。史记淮阴侯列传：""即其卧内，上～其印符。""",即其卧内，上夺其印符。,"""《孟子》；《史记》；《邹阳》；《江淹》；《杜甫》"""
至,至,至,"到。战国策齐策四：\""孟尝君就国於薛，未～百里，民扶老携幼，迎君道中。",孟尝君就国於薛，未至百里，民扶老携幼，迎君道中。,"""《孝经》；《战国策》；《老子》；《庄子》；《贾谊》；《江淹》；《杜甫》；《苏轼》"""
止,止,止,站住，不走了。跟行相对。,或百步而后止，或五十步而后止。,"""《诗经》；《论语》；《孟子》；《史记》；《庄子》；《枚乘》；《杜甫》"""
寤,寤,寤,"""睡醒。诗经周南关雎：""窈窕淑女，～寐求之。""",窈窕淑女，寤寐求之。,"""《诗经》；《汉书》；《战国策》；《邹阳》；《苏轼》"""
寐,寐,寐,"""睡着。诗经周南关雎：""寤～求之。""",寤寐求之。,"""《诗经》；《左传》；《公羊传》；《孟子》；《史记》；《战国策》；《国语》；《庄子》；《曹植》；《杜甫》；《李华》"""
恨,恨,恨,"""引为憾事，感到遗憾。史记淮阴侯列传：""大王失职入汉中，秦民无不～者。""",大王失职入汉中，秦民无不恨者。,"""《史记》；《汉书》；《陶潜》；《杜甫》；《杜牧》；《欧阳修》"""
惊,惊,惊,"""马因害怕狂奔起来。战国策赵策一：""襄子至桥而马～。""",襄子至桥而马惊。,"""《左传》；《汉书》；《战国策》；《贾谊》；《枚乘》；《曹植》；《陶潜》；《王勃》；《杜甫》；《白居易》"""
冀,冀,冀,"希望。离骚：\""～枝叶之峻茂兮。",冀枝叶之峻茂兮。,"""《汉书》"""
贵,贵,贵,"""物价高。跟""贱""相对。左传昭公三年：""屦贱踊～。""",贱,"""《左传》；《论语》；《汉书》；《韩非子》"""
贱,贱,贱,"""物价低。杨恽报孙会宗书：""方籴～贩贵，逐什一之利。""",方籴贱贩贵，逐什一之利。,"""《战国策》；《司马迁》；《杜甫》；《李华》"""
壮,壮,壮,"壮年，指三十岁以上，未到老年。右传僖公三十年：\""臣之～也，犹不如人。",臣之壮也，犹不如人。,"""《左传》；《史记》；《汉书》；《韩愈》"""
大,大,大,"大，跟\""小\""相对。孟子梁惠王上：\""以小易～，彼恶知之？",有大人之事，有小人之事。,"""《左传》；《孟子》；《史记》；《汉书》；《战国策》"""
多,多,多,"多。跟\""寡\""或\""少\""相对。",寡,"""《史记》；《汉书》；《洛阳伽蓝记》"""
笃,笃,笃,"厚。诗经唐风椒聊：\""实大且～。",实大且笃。,"""《诗经》；《礼记》；《论语》；《汉书》；《老子》；《文心雕龙》；《柳宗元》"""
专,专,专,"""专一，集中。孟子公孙丑上：""管仲得君，如彼其～也。""",管仲得君，如彼其专也。,"""《左传》；《孟子》；《汉书》；《韩愈》"""
壹,壹,壹,"专一，无二心。左传成公十三年：\""以惩不～。",以惩不壹。,"""《左传》；《汉书》；《司马迁》"""
稍,稍,稍,副词。渐。,项王乃疑范增与汉有私，稍夺之权。,"""《史记》；《汉书》；《司马迁》；《杜甫》；《苏轼》；《方苞》"""
略,略,略,"划定疆界。左传昭公七年：\""天子经～。",天子经略。,"""《左传》；《孟子》；《史记》；《汉书》；《后汉书》；《文选》；《文心雕龙》；《水经注》；《淮南子》；《司马迁》；《萧统》；《杜甫》；《杜牧》"""
犹,犹,犹,"同，如同。诗经召南小星：\""实命不～。",实命不犹。,"""《诗经》；《论语》；《史记》"""
阴,阴,阴,"山北为阴，水南为阴。诗经大雅公刘：\""相其～阳。",阴,"""《诗经》；《史记》；《汉书》；《庄子》；《韩非子》；《枚乘》；《江淹》"""
阳,阳,阳,"山南为阳，水北为阳。诗经大雅公刘：\""相其阴～。",相其阴阳。,"""《诗经》；《韩非子》；《文选》；《邹阳》；《韩愈》；《苏轼》"""
休,休,休,"休息。诗经周南汉广：\""南有乔木，不可～息。",南有乔木，不可休息。,"""《诗经》；《左传》；《汉书》；《杜甫》；《李商隐》；《欧阳修》"""
咎,咎,咎,灾祸。跟休相对。,盖闻天与弗取，反受其咎。,"""《论语》；《史记》；《贾谊》；《韩愈》；《李华》；《王安石》"""
机,机,机,发动弩的机关。（弩是用机关发射的弓。,言行君子之枢机。,"""《尚书》；《周易》；《史记》；《汉书》；《后汉书》；《庄子》；《文心雕龙》；《淮南子》"""
要,要,要,"读yāo，阴平声。古\""腰\""字。",要,"""《礼记》；《论语》；《孟子》；《汉书》；《后汉书》；《庄子》；《墨子》；《文心雕龙》；《贾谊》；《司马迁》；《陶潜》；《杜甫》；《韩愈》"""
祖,祖,祖,祖先。自父之父以上都称祖。,人道亲亲，故尊祖；尊祖，故敬宗。,"""《左传》；《史记》；《汉书》；《荀子》；《陶潜》；《谢灵运》；《沈约》；《杜甫》；《韩愈》"""
宾,宾,宾,"宾客。诗经小雅鹿鸣：\""我有嘉～。",我有嘉宾。,"""《诗经》；《汉书》；《国语》"""
郎,郎,郎,官名。有侍郎，中郎，郎中等。,郎,"""《史记》；《汉书》；《世说新语》；《扬雄》；《刘禹锡》"""
男,男,男,形容词。男性的。,乃生男子。,"""《诗经》；《汉书》；《韩愈》"""
部,部,部,动词。统率。,梁部署吴中豪杰为校尉、候、司马。,"""《史记》；《汉书》；《后汉书》；《三国志》"""
曹,曹,曹,"左右曹，加官之一种。汉书霍光传：\""稍迁诸～侍中。",稍迁诸曹侍中。,"""《尚书》；《汉书》；《后汉书》；《杜甫》"""
邻,邻,邻,"五家为邻。论语雍也：\""原思为之宰，与之粟九百，辞。",乡邻有斗者。,"""《左传》；《论语》；《孟子》；《汉书》"""
里,里,里,二十五家为里。里是一个住宅区，里有里门。,无逾我里。,"""《诗经》；《汉书》；《司马迁》；《邹阳》；《江淹》；《韩愈》"""
狱,狱,狱,"官司，诉讼。诗经召南行露：\""何以速我～？",何以速我狱？,"""《诗经》；《左传》；《史记》；《汉书》；《贾谊》；《欧阳修》"""
阙,阙,阙,读què。城门两边的高台和建筑物。,郑伯享王于阙西辟。,"""《诗经》；《左传》；《春秋》；《吕氏春秋》；《水经注》；《司马迁》；《邹阳》；《孔稚珪》；《王勃》；《杜甫》"""
祠,祠,祠,动词。春祭。,以三太牢祠昌邑哀王园庙。,"""《诗经》；《汉书》；《杜甫》"""
第,第,第,"次第，次序。左传哀公十六年：\""楚国～，我死，令尹司马，非胜而谁？",平阳侯曹参身被七十创，攻城略地，功最多，宜第一。,"""《左传》；《史记》；《汉书》；《韩愈》"""
屏,屏,屏,"国君宫门内当门的小墙。后汉书包咸传：\""每进见，锡以几杖，入～不趋。",每进见，锡以几杖，入屏不趋。,"""《论语》；《史记》；《汉书》；《后汉书》；《文心雕龙》；《杜甫》"""
帐,帐,帐,"帐幕，特指军用的帐篷。史记项羽本纪：\""即其～中斩宋义头。",即其帐中斩宋义头。,"""《史记》；《江淹》；《柳永》"""
壁,壁,壁,"墙。史记司马相如列传：\""家居徒四～立。",家居徒四壁立。,"""《史记》；《水经注》；《柳宗元》"""
案,案,案,"木制的托盘，有脚，用来盛食物。史记万石君列传：\""对～不食。",对案不食。,"""《史记》；《汉书》；《后汉书》；《三国志》；《论衡》；《刘禹锡》"""
字,字,字,"生子。周易屯卦：\""女子贞不～。",女子贞不字。,"""《尚书》；《周易》；《左传》；《汉书》"""
书,书,书,"划分界限。左传襄公四年：\""茫茫禹迹，～为九州。","""茫茫禹迹，书为九州。""","""《左传》；《论语》；《史记》；《汉书》；《司马迁》；《扬雄》；《邹阳》"""
项,项,项,"脖子的后部。史记魏其武安侯列传：\""案灌夫～，令谢。",案灌夫项，令谢。,"""《史记》；《汉书》；《后汉书》"""
乳,乳,乳,动词。生子。,乃徙武北海上无人处，使牧羝，羝乳乃得归。,"""《礼记》；《左传》；《汉书》；《庄子》；《荀子》；《论衡》；《苏轼》"""
体,体,体,"身体的各部分，如头、手、足、肩、背、股等。孟子公孙丑上：\""子夏、子游、子张皆有圣人之一～，冉牛、闵子、颜渊则具～而微。",王翳取其头，......最其后郎中骑杨喜、骑司马吕马童、郎中吕胜、杨武各得其一体；五人共会其体，皆是。,"""《诗经》；《易经》；《礼记》；《论语》；《孟子》；《史记》；《汉书》；《楚辞》；《文选》；《文心雕龙》；《司马迁》；《谢灵运》；《沈约》；《萧统》"""
意,意,意,名词。意思。,用君之心，行君之意。,"""《史记》；《楚辞》；《庄子》；《荀子》；《列子》；《柳宗元》；《李商隐》"""
谄,谄,谄,"""巴结，奉承。论语学而：""贫而无～。""",贫而无谄。,"""《论语》；《邹阳》"""
谀,谀,谀,"""恭维，奉承。史记魏其武安侯列传：""灌夫为人刚直，使酒，不好面～。""",灌夫为人刚直，使酒，不好面谀。,"""《史记》；《邹阳》"""
诬,诬,诬,"""言语不真实，欺骗。左传僖公二十四年：""天实置之，而二三子以为己力，不亦～乎！""庄子秋水：""然且语而不舍，非愚则～也。""",天实置之，而二三子以为己力，不亦诬乎！,"""《左传》；《庄子》；《司马迁》"""
辩,辩,辩,"辩论。孟子滕文公下：\""予岂好～哉？",予岂好辩哉？予不得已也。,"""《孟子》；《史记》；《战国策》；《庄子》；《荀子》；《韩非子》；《邹阳》"""
怜,怜,怜,"怜悯。邹阳狱中上梁王书：\""愿大王孰察，少加～焉。",愿大王孰察，少加怜焉。,"""《战国策》；《邹阳》；《杜甫》；《韩愈》；《白居易》；《李商隐》"""
闵,闵,闵,"忧患，伤心的事。诗经邶风柏舟：\""觏～既多，受侮不少。",觏闵既多，受侮不少。,"""《诗经》"""
吊,吊,吊,"善。诗经小雅节南山：\""昊天不～。",昊天不吊。,"""《诗经》；《左传》；《淮南子》；《贾谊》；《李华》；《陆游》"""
除,除,除,"宫殿的台阶。汉书李广苏建传：\""从至雍棫阳宫，扶辇下～，触柱折辕。",从至雍棫阳宫，扶辇下除，触柱折辕。,"""《诗经》；《史记》；《汉书》；《杜甫》"""
拜,拜,拜,一种表示敬意的礼节。古人的拜是先跪下，头低到手，与心平。,卜偃使大夫拜。,"""《左传》；《论语》；《史记》；《杜甫》；《韩愈》"""
营,营,营,"量地。东西量地为\""经\""，周围量地为\""营\""。",务一心营职，以求亲媚於主上。,"""《诗经》；《史记》；《司马迁》；《杜甫》"""
务,务,务,动词。致力於某事，从事於。,君子务本。,"""《论语》；《汉书》；《文心雕龙》；《世说新语》；《司马迁》；《杜甫》；《韩愈》；《柳宗元》"""
积,积,积,"积聚谷物。诗经周颂良耜：\""～之栗栗。",士卒死伤如积。,"""《诗经》；《贾谊》；《司马迁》；《邹阳》"""
聚,聚,聚,"使民众聚居。左传隐公元年：\""大叔完～，缮甲兵，具卒乘。",大叔完聚，缮甲兵，具卒乘。,"""《左传》；《论语》；《孟子》；《史记》；《文选》；《枚乘》；《萧统》；《杜甫》；《柳宗元》"""
寻,寻,寻,"八尺。孟子滕文公下：\""枉尺而直～。",酒债寻常行处有。,"""《孟子》；《韩非子》；《贾谊》；《陶潜》；《杜甫》；《韩愈》；《刘禹锡》"""
迭,迭,迭,"""动词。轮流。诗经邶风柏舟：""日居月诸，胡～而微。""",日居月诸，胡迭而微。,"""《诗经》；《洛阳伽蓝记》；《谢灵运》；《沈约》；《柳宗元》"""
代,代,代,"更换，代替。左传庄公八年：\""及瓜而～。",及瓜而代。,"""《礼记》；《左传》；《史记》；《楚辞》；《庄子》；《荀子》；《文选》；《萧统》；《王维》；《杜甫》"""
替,替,替,"废。诗经小雅楚茨：\""子子孙孙，勿～引之。",子子孙孙，勿替引之。,"""《诗经》；《楚辞》；《王羲之》；《柳宗元》；《苏轼》"""
成,成,成,"成为事实，实现。论语子路：\""见小利则大事不～。",见小利则大事不成。,"""《左传》；《论语》；《史记》；《司马迁》"""
遂,遂,遂,"成，顺利地做到。礼记月令：\""百事乃～。",禽兽成群，草木遂长。,"""《礼记》；《左传》；《国语》；《庄子》；《贾谊》；《司马迁》；《韩愈》；《柳宗元》"""
系,系,系,"缚，捆绑，拴。孟子梁惠王下：\""～累其子弟。","""吾岂匏瓜也哉？焉能系而不食？""","""《论语》；《汉书》；《庄子》；《荀子》；《司马迁》；《枚乘》"""
累,累,累,读léi，阳平声。大绳子，特指用来绑人的。,累,"""《尚书》；《左传》；《史记》；《汉书》；《后汉书》；《司马迁》；《枚乘》；《邹阳》；《杜甫》；《柳宗元》；《欧阳修》"""
系,系,系,"挂。论语阳货：\""吾岂匏瓜也哉？","""吾岂匏瓜也哉？焉能系而不食？""","""《论语》；《汉书》；《庄子》；《荀子》；《司马迁》；《枚乘》"""
牵,牵,牵,"""牵。孟子梁惠王上：""有～牛而过堂下者。""",有牵牛而过堂下者。,"""《孟子》；《邹阳》"""
县,县,县,"读xuán，阳平声。悬挂，诗经魏风伐檀：\""胡瞻尔庭有～貆兮！\""枚乘上书谏吴王：\""上～无极之高，下垂不测之渊。",胡瞻尔庭有县貆兮！,"""《诗经》；《孟子》；《扬雄》；《枚乘》"""
结,结,结,"打结。老子二十七章：\""善闭无关楗而不可开，善～无绳约而不可解。",系绝於天，不可复结。,"""《老子》；《司马迁》；《扬雄》；《枚乘》"""
绝,绝,绝,"［绳索］断。枚乘上书谏吴王：\""系方～，又重镇之。",系方绝，又重镇之。,"""《史记》；《汉书》；《后汉书》；《老子》；《荀子》；《司马迁》；《枚乘》；《谢灵运》；《沈约》；《江淹》；《李白》；《陆游》"""
擅,擅,擅,"专有，持有，领有，占有。晁错论贵粟疏：\""爵者上之所～。",爵者上之所擅。,"""《左传》；《汉书》；《洛阳伽蓝记》；《谢灵运》；《沈约》"""
披,披,披,"剖开。邹阳狱中上梁王书：\""～心腹，见情素。",披心腹，见情素。,"""《楚辞》；《枚乘》；《邹阳》；《曹植》；《王勃》；《韩愈》"""
拉,拉,拉,"""读là，去声。摧折，扳断。邹阳狱中上梁王书：""范睢～胁折齿於魏。""",范睢拉胁折齿於魏。,"""《史记》；《邹阳》"""
奸,奸,奸,"邪恶。左传僖公二十四年：\""弃德崇～。",弃德崇奸。,"""《尚书》；《左传》；《史记》；《汉书》；《贾谊》"""
回,回,回,"""转，掉转，回转。司马迁报任安书：""是以肠一日而九～。""","""是以肠一日而九回。""","""《山海经》；《司马迁》；《陶潜》；《王勃》；《王维》；《杜甫》"""
雅,雅,雅,鸟名。乌的一种。,鸦,"""《诗经》；《论语》；《汉书》；《荀子》；《文选》；《文心雕龙》；《论衡》；《萧统》；《王勃》；《苏轼》"""
俗,俗,俗,"社会习惯，社会风气。孟子公孙丑上：\""其故家遗～，流风善政，犹有存者。",其故家遗俗，流风善政，犹有存者。,"""《孟子》"""
公,公,公,"公家的（统治者的）。跟\""私\""相对。",私,"""《诗经》；《尚书》；《左传》；《论语》；《史记》；《汉书》；《贾谊》；《庾信》；《王勃》；《杜甫》；《韩愈》"""
私,私,私,"私人的。贾谊论积贮疏：\""公～之积，犹可哀痛。",公私之积，犹可哀痛。,"""《史记》；《汉书》；《贾谊》；《邹阳》；《曹植》"""
偏,偏,偏,"不正。尚书洪范：\""无～无颇。",无偏无颇。,"""《尚书》；《文心雕龙》；《邹阳》"""
全,全,全,"完备，完全，齐备。枚乘上书谏吴王：\""臣闻得～者昌，失～者亡。",臣闻得全者昌，失全者亡。,"""《左传》；《孟子》；《司马迁》；《扬雄》；《枚乘》；《杜甫》；《欧阳修》"""
独,独,独,"单独，孤独。礼记大学：\""故君子必慎其～也。",故君子必慎其独也。,"""《尚书》；《礼记》；《孟子》；《战国策》；《司马迁》；《邹阳》；《柳宗元》"""
特,特,特,"公牛。三国志魏志明帝纪：\""遣使者以～牛祠中狱。",遣使者以特牛祠中狱。,"""《诗经》；《三国志》；《荀子》；《贾谊》；《司马迁》；《苏轼》"""
丑,丑,丑,"难看。后汉书梁鸿传：\""同县孟氏有女，状肥～而黑。",行莫丑於辱先。,"""《诗经》；《礼记》；《左传》；《孟子》；《尔雅》；《汉书》；《后汉书》；《司马迁》；《韩愈》"""
陋,陋,陋,"""狭隘，特指里巷或房屋的狭隘。论语雍也：""在～巷，人不堪其忧，回也不改其乐。""",在陋巷，人不堪其忧，回也不改其乐。,"""《论语》；《司马迁》"""
秽,秽,秽,"荒芜。楚辞离骚：\""哀众芳之芜～。",哀众芳之芜秽。,"""《汉书》；《楚辞》；《司马迁》；《柳宗元》"""
玄,玄,玄,"黑中带赤。诗经豳风七月：\""八月载绩，载～载黄。",八月载绩，载玄载黄。,"""《诗经》；《尚书》；《老子》；《文选》；《扬雄》；《谢灵运》；《沈约》；《萧统》；《韩愈》"""
素,素,素,"没有染色的。诗经召南羔羊：\""～丝五紽。",素丝五紽。,"""《诗经》；《孟子》；《水经注》；《古诗十九首》；《贾谊》；《司马迁》；《邹阳》；《欧阳修》"""
白,白,白,"白色的。诗经秦风蒹葭：\""～露为霜。",白露为霜。,"""《诗经》；《尚书》；《汉书》；《楚辞》；《韩愈》；《柳宗元》"""
方,方,方,"两船平行。诗经周南汉广：\""江之永矣，不可～思。",江之永矣，不可方思。,"""《诗经》；《论语》；《孟子》；《史记》；《战国策》；《庄子》；《韩非子》；《文心雕龙》；《贾谊》；《枚乘》；《韩愈》；《白居易》"""
夙,夙,夙,"早晨，清晨。常以\""夙夜\""连用。",夙夜,"""《诗经》；《谢灵运》；《杜甫》"""
惟,惟,惟,"思想。诗经大雅生民：\""载谋载～。",载谋载惟。,"""《诗经》；《尚书》；《论语》；《孟子》；《司马迁》；《白居易》"""
霄,霄,霄,"""日旁气，云气。张衡思玄赋：""涉清～而升遐兮。""",涉清霄而升遐兮。,"""《水经注》；《张衡》；《谢灵运》；《王勃》"""
汉,汉,汉,"水名。孟子滕文公上：\""决汝～，排淮泗，而注之江。",决汝汉，排淮泗，而注之江。,"""《孟子》；《水经注》；《江淹》"""
景,景,景,"日光。左思咏史诗：\""皓天舒白日，灵～耀神州。",皓天舒白日，灵景耀神州。,"""《诗经》；《周礼》；《枚乘》；《左思》；《江淹》；《王勃》；《柳永》"""
曜,曜,曜,"日光。水经注庐江水：\""晨光初散，则延～入石。",晨光初散，则延曜入石。,"""《谷梁传》；《水经注》；《左思》；《范仲淹》"""
都,都,都,"大邑。左传隐公元年：\""～城过百雉，国之害也。",都城过百雉，国之害也。,"""《诗经》；《左传》；《文选》；《世说新语》；《贾谊》；《扬雄》；《萧统》；《杜甫》"""
邑,邑,邑,"国。在左传里，称别人的国为\""大国\""，自称为\""敝～。",大国,"""《诗经》；《左传》"""
鄙,鄙,鄙,"边邑。左传隐公元年：\""既而大叔命西～北～贰於己。",既而大叔命西鄙北鄙贰於己。,"""《左传》；《论语》；《孟子》；《荀子》；《王勃》"""
边,边,边,"边疆。贾谊论积贮疏：\""卒然～境有急。",卒然边境有急。,"""《贾谊》；《曹植》；《杜甫》"""
塞,塞,塞,读sài。边界上的险要地方。,凉秋九月，塞外草衰。,"""《史记》；《汉书》；《战国策》；《韩愈》；《柳宗元》"""
殷,殷,殷,"众，盛。诗经郑风溱洧：\""士与女，～其盈矣。",士与女，殷其盈矣。,"""《诗经》；《左传》；《史记》；《洛阳伽蓝记》；《司马迁》；《邹阳》；《杜甫》；《白居易》；《李华》"""
周,周,周,"环绕。左传成公二年：\""逐之，三～华不注。",远而周知天下之故。,"""《易经》；《左传》；《论语》；《汉书》；《文心雕龙》；《邹阳》；《杜牧》"""
胡,胡,胡,"兽颈下垂的肉。诗经豳风狼跋：\""狼跋其～。",狼跋其胡。,"""《诗经》；《左传》；《汉书》；《后汉书》；《洛阳伽蓝记》；《贾谊》；《司马迁》"""
虏,虏,虏,"俘获。史记淮阴侯列传：\""於是汉兵夹击，大破～赵军。",於是汉兵夹击，大破虏赵军。,"""《史记》；《汉书》；《后汉书》；《司马迁》；《李白》"""
戎,戎,戎,"兵器。礼记月令：\""乃教於田猎，以习五～。",伏戎於莽。,"""《尚书》；《易经》；《礼记》；《左传》；《论语》；《司马迁》；《邹阳》；《杜甫》"""
倡,倡,倡,读chāng，阴平声。以歌舞演戏为业的人。,倡优畜之。,"""《诗经》；《礼记》；《司马迁》"""
优,优,优,"扮演杂戏的人。左传襄公二十八年：\""士皆释甲束马而饮酒，且观～。",士皆释甲束马而饮酒，且观优。,"""《诗经》；《左传》；《国语》；《文心雕龙》；《贾谊》；《司马迁》；《韩愈》；《苏轼》；《陆游》"""
伎,伎,伎,"技艺，才能。尚书泰誓：\""无他～。",无他伎。,"""《尚书》；《洛阳伽蓝记》；《司马迁》"""
宦,宦,宦,"当贵族的仆隶。左传宣公二年：\""～三年矣。",宦三年矣。,"""《左传》；《司马迁》；《李商隐》"""
竖,竖,竖,"竖立。后汉书灵帝纪：\""槐树自拔倒～。",槐树自拔倒竖。,"""《史记》；《汉书》；《后汉书》；《庄子》；《司马迁》"""
臧,臧,臧,"好，良好。诗经鄘风定之方中：\""卜云其吉，终焉允～。",邂逅相遇，与子偕臧。,"""《诗经》；《庄子》；《司马迁》"""
获,获,获,"""猎得［禽兽］。孟子滕文公下：""终日而不～一禽。""","""终日而不获一禽。""","""《左传》；《孟子》；《墨子》"""
禄,禄,禄,"天的赏赐，食福。诗经大雅既醉：\""天被尔～。",天被尔禄。,"""《诗经》；《礼记》；《左传》；《论语》；《司马迁》；《扬雄》"""
位,位,位,"""官吏在朝廷上所站的位置。礼记坊记：""朝廷有～。""",朝廷有位。,"""《礼记》；《论语》；《邹阳》；《左思》"""
产,产,产,"生，出生。孟子滕文公上：\""陈良，楚～也。",陈良，楚产也。,"""《周礼》；《孟子》；《贾谊》"""
业,业,业,"""事。司马迁报任安书：""故绝宾客之知，忘室家之～。""",故绝宾客之知，忘室家之业。,"""《周易》；《司马迁》；《左思》；《杜甫》；《韩愈》；《柳宗元》"""
货,货,货,"财物，物资。孟子梁惠王下：\""寡人好～。",寡人好货。,"""《礼记》；《孟子》；《汉书》；《洛阳伽蓝记》；《司马迁》；《柳宗元》"""
赂,赂,赂,"财物。常以\""货赂\""二字连用。",货赂,"""《左传》；《汉书》；《后汉书》；《荀子》；《司马迁》"""
资,资,资,"钱财。周易旅卦：\""怀其～。",怀其资。,"""《周易》；《孝经》；《史记》；《汉书》；《战国策》；《老子》；《文心雕龙》；《邹阳》"""
财,财,财,"财物，钱财。韩非子说难：\""暮而果大亡其～。",暮而果大亡其财。,"""《孟子》；《汉书》；《韩非子》；《司马迁》"""
贿,贿,贿,"财物。诗经卫风氓：\""以尔车来，以我～迁。",以尔车来，以我贿迁。,"""《诗经》；《仪礼》；《左传》；《韩愈》"""
性,性,性,"""人一生下来就具有的本质，本能。论语阳货：""～相近也，习相远也。""",性相近也，习相远也。,"""《论语》；《庄子》；《枚乘》；《杜甫》"""
情,情,情,"""感情，情感，情绪。礼记礼运：""何谓人～？喜怒哀乐爱恶欲七者，不学而能。""",何谓人情？喜怒哀乐爱恶欲七者，不学而能。,"""《礼记》；《孟子》；《白居易》"""
声,声,声,"声音。孟子梁惠王上：\""闻其～不忍食其肉。",闻其声不忍食其肉。,"""《诗经》；《礼记》；《左传》；《论语》；《孟子》；《荀子》；《文心雕龙》；《司马迁》；《谢灵运》；《沈约》；《韩愈》"""
响,响,响,"回声。贾谊过秦论上：\""天下云集～应。",影响,"""《尚书》；《史记》；《贾谊》；《谢灵运》；《沈约》"""
拳,拳,拳,动词。握拳。,女两手皆拳。,"""《汉书》；《庄子》；《司马迁》"""
脚,脚,脚,"""小腿。庄子徐无鬼：""乳闲股～。""",乳闲股脚。,"""《庄子》；《孙子》；《司马迁》；《邹阳》；《杜甫》"""
端,端,端,"端正，正直。孟子离娄下：\""夫尹公之他，～人也。",夫尹公之他，端人也。,"""《论语》；《孟子》；《史记》；《汉书》；《庄子》；《水经注》；《淮南子》；《司马迁》；《曹植》"""
绪,绪,绪,"丝的头绪。易林兑之坎：\""丝多～乱，端不可得。",丝多绪乱，端不可得。,"""《诗经》；《楚辞》；《文心雕龙》；《司马迁》；《韩愈》"""
节,节,节,"竹节，木节。左思吴都赋：\""竹则苞笋抽～。",不遇槃根错节，何以别利器乎？,"""《左传》；《论语》；《孟子》；《汉书》；《后汉书》；《贾谊》；《司马迁》；《左思》；《谢灵运》；《沈约》；《韩愈》"""
度,度,度,读duò，去声。量长短。,度，然后知长短。,"""《礼记》；《左传》；《论语》；《孟子》；《史记》；《汉书》；《后汉书》；《文心雕龙》；《贾谊》；《枚乘》；《李白》；《韩愈》；《柳宗元》"""
议,议,议,"发表言论。诗经小雅北山：\""或出入风～。",或出入风议。,"""《诗经》；《左传》；《论语》；《汉书》；《文选》；《文心雕龙》；《贾谊》；《司马迁》；《萧统》；《韩愈》"""
论,论,论,"评论，研究。论语宪问：\""世叔讨～之。",世叔讨论之。,"""《论语》；《孟子》；《史记》；《战国策》；《文选》；《司马迁》；《萧统》"""
讽,讽,讽,"背诵。周礼春官大司乐：\""以乐语教国子兴道～诵言语。",以乐语教国子兴道讽诵言语。,"""《周礼》；《史记》；《文心雕龙》；《杜甫》；《苏轼》"""
贬,贬,贬,"灭损。左传僖公二十一年：\""～食省用。",贬食省用。,"""《左传》；《公羊传》；《春秋》；《三国志》；《杜甫》；《韩愈》"""
谪,谪,谪,"谴责，责怪。左传成公十七年：\""国子～我。",国子谪我。,"""《诗经》；《左传》；《史记》；《柳宗元》"""
斥,斥,斥,"屏弃，不用。汉书武帝纪：\""与闻国政而无益於民者～，在上位而不能进贤者退。",与闻国政而无益於民者斥，在上位而不能进贤者退。,"""《左传》；《史记》；《汉书》；《贾谊》；《韩愈》；《柳宗元》；《苏轼》"""
宣,宣,宣,"散布，传播。杨恽报孙会宗书：\""曾不能以此时有所建树，以～德化。",君臣宣淫。,"""《水经注》；《谢灵运》；《沈约》；《王勃》；《李华》"""
赠,赠,赠,"赠送。诗经秦风渭阳：\""何以～之？",何以赠之？琼瑰玉佩。,"""《诗经》；《尚书》；《文心雕龙》；《王勃》；《李白》；《杜甫》；《欧阳修》"""
颠,颠,颠,"头顶。诗经秦风车邻：\""有马白～。",采苓采苓，首阳之颠。,"""《诗经》；《尚书》；《论语》；《孟子》；《汉书》；《后汉书》；《苏轼》"""
覆,覆,覆,"反。诗经小雅小明：\""岂不怀归？",岂不怀归？畏此反覆。,"""《诗经》；《左传》；《论语》；《汉书》；《庄子》；《荀子》；《贾谊》；《庾信》；《李华》；《欧阳修》"""
率,率,率,"循，沿着。诗经大雅绵：\""～西水浒。",率西水浒。,"""《诗经》；《礼记》；《孟子》；《史记》；《汉书》；《韩愈》；《苏轼》"""
诣,诣,诣,"""到，到达。史记文帝本纪：""乘传～长安。""",乘传诣长安。,"""《史记》；《世说新语》；《韩愈》"""
历,历,历,"经过。司马迁报任安书：\""足～王庭。",足历王庭。,"""《尚书》；《易经》；《汉书》；《后汉书》；《荀子》；《文选》；《论衡》；《水经注》；《洛阳伽蓝记》；《贾谊》；《司马迁》；《左思》；《萧统》；《杜甫》；《苏轼》"""
寓,寓,寓,"""寄居。礼记郊特性：""诸侯不臣～公。""",诸侯不臣寓公。,"""《礼记》；《左传》；《孟子》；《史记》；《文心雕龙》；《庾信》；《欧阳修》"""
寄,寄,寄,"""寄居。汉书息夫躬传：""未有第宅，～居丘亭。""",未有第宅，寄居丘亭。,"""《论语》；《汉书》；《杜甫》；《白居易》；《李华》"""
禁,禁,禁,"禁止。韩非子五蠹：\""赏其功，必～无用。",赏其功，必禁无用。,"""《孟子》；《史记》；《汉书》；《韩非子》"""
戒,戒,戒,"警戒，防备。周易萃卦：\""～不虞。",戒不虞。,"""《周易》；《礼记》；《论语》；《孟子》；《史记》；《庄子》；《文选》；《萧统》；《柳宗元》"""
恃,恃,恃,"""依靠，依赖。诗经小雅蓼莪：""无母何～？""左传僖公二十六年：""室如县罄，野无青草，何～而不恐？""贾谊论积贮疏：""故其畜积足～。""",无母何恃？,"""《诗经》；《左传》；《贾谊》；《韩愈》；《欧阳修》"""
玩,玩,玩,"玩弄。伪古文尚书旅獒：\""～人丧德，～物丧志。",玩人丧德，玩物丧志。,"""《尚书》；《左传》；《谷梁传》；《国语》；《文心雕龙》"""
肆,肆,肆,"陈设。诗经大雅行苇：\""或～之筵。",或肆或将。,"""《诗经》；《论语》；《庄子》；《左思》；《韩愈》；《柳宗元》；《苏轼》"""
敷,敷,敷,"""铺，铺开。穆天子传：""～筵席。""",敷筵席。,"""《尚书》；《楚辞》；《文心雕龙》；《柳宗元》"""
化,化,化,"变化。周易乾卦：\""乾道变～。",所守或匪亲，化为狼与豺。,"""《周易》；《礼记》；《孟子》；《楚辞》；《庄子》；《文心雕龙》；《邹阳》；《陶潜》；《李白》；《韩愈》；《柳宗元》"""
加,加,加,"把一物放在另一物的上面。左传昭公八年：\""～絰於颡而逃。",夫加之以衡轭。,"""《左传》；《论语》；《孟子》；《战国策》；《庄子》；《文选》；《司马迁》；《曹植》；《萧统》；《韩愈》；《欧阳修》；《王安石》"""
损,损,损,减少。跟益相对。,请损之，月攘一鸡。,"""《论语》；《孟子》；《司马迁》；《枚乘》"""
刻,刻,刻,"雕刻。礼记哀公问：\""器不～镂。",器不刻镂。,"""《礼记》；《史记》；《汉书》；《杜甫》；《苏轼》"""
勒,勒,勒,"套在马头上带嚼口的笼头。汉书匈奴传：\""鞌～一具。",白马嚼啮黄金勒。,"""《礼记》；《史记》；《汉书》；《后汉书》；《杜甫》；《陆游》"""
郁,郁,郁,"茂盛的样子。诗经秦风晨风：\""～彼北林。",郁彼北林。,"""《诗经》；《孟子》；《汉书》；《楚辞》；《文选》；《文心雕龙》；《贾谊》；《司马迁》；《左思》；《萧统》；《杜甫》；《韩愈》；《苏轼》"""
舒,舒,舒,展开。跟卷相对。,赢缩卷舒。,"""《诗经》；《楚辞》；《文选》；《文心雕龙》；《淮南子》；《司马迁》；《萧统》；《杜甫》；《柳宗元》"""
张,张,张,把弓弦绷紧。跟弛相对。,琴羽张兮箫鼓陈。,"""《诗经》；《左传》；《老子》；《司马迁》；《江淹》；《苏轼》"""
弛,弛,弛,"""把弓弦放松。跟张相对。左传襄公十八年：""乃～弓而自后縛之。""",乃弛弓而自后縛之。,"""《礼记》；《左传》；《韩愈》；《柳宗元》"""
是,是,是,对的，合理的。跟非相对。,自以为是。,"""《孟子》；《史记》；《庄子》；《王勃》；《柳宗元》；《柳永》"""
非,非,非,"不对的，不合理的。孟子公孙丑下：\""前日之不受是，则今日之受～也。",前日之不受是，则今日之受非也。,"""《论语》；《孟子》；《庄子》；《孙子》；《韩愈》；《柳宗元》"""
能,能,能,动词。能够做到。,非曰能之，愿学焉。,"""《礼记》；《论语》；《孟子》；《司马迁》；《谢灵运》；《沈约》；《韩愈》"""
可,可,可,形容词。可以，能行。,"""刿曰：'未可。'""","""《诗经》；《左传》；《论语》；《孟子》；《史记》；《庄子》"""
以,以,以,动词。用。,视其所以。,"""《诗经》；《礼记》；《左传》；《论语》；《孟子》；《史记》；《战国策》；《庄子》；《王勃》；《韩愈》；《柳宗元》"""
凡,凡,凡,"平凡，平庸。孟子尽心上：\""待文王而后兴者～民也。",仙凡路阻两难留。,"""《诗经》；《孟子》；《司马迁》；《杜甫》；《韩愈》；《柳宗元》"""
圣,圣,圣,"""形容词。懂道理，通达事理。诗经邶风凯风：""母氏～善。""",母氏圣善。,"""《诗经》；《论语》；《司马迁》"""
残,残,残,动词。杀害，伤害，害。,岂不欲除残而佑仁。,"""《尚书》；《春秋》；《孟子》；《史记》；《吕氏春秋》；《贾谊》；《司马迁》；《杜甫》；《柳宗元》；《苏轼》"""
暴,暴,暴,读pù，去声，旧读入声。晒。,秋阳以暴之。,"""《诗经》；《孟子》；《史记》；《荀子》；《司马迁》；《李华》"""
甘,甘,甘,"好吃，味美。孟子梁惠王上：\""为肥～不足於口与？",燕王吊死问孤，与百姓同甘苦。,"""《左传》；《论语》；《孟子》；《史记》；《杜甫》；《韩愈》"""
辛,辛,辛,"""辣。楚辞招魂：""大苦咸酸，～甘行些。""",大苦咸酸，辛甘行些。,"""《楚辞》；《杜甫》"""
鲜,鲜,鲜,读xiān。鲜鱼。,治大国若烹小鲜。,"""《诗经》；《礼记》；《仪礼》；《论语》；《老子》；《文心雕龙》；《韩愈》"""
敝,敝,敝,"破烂。诗经郑风缁衣：\""缁衣之宜兮，～予又改为兮。",而考之无疵，用之无敝。,"""《诗经》；《左传》；《论语》；《孟子》；《战国策》"""
寒,寒,寒,"""冷。论语子罕：""岁～，然后知松柏之后雕也。""",岁寒，然后知松柏之后雕也。,"""《论语》；《孟子》；《贾谊》；《司马迁》；《韩愈》；《王安石》"""
温,温,温,"暖。墨子辞过：\""古之民，未知为衣服时，衣皮带茭，冬则不轻而～，夏则不轻而凊。",缯纩无温。,"""《诗经》；《论语》；《墨子》；《白居易》；《李华》"""
幽,幽,幽,暗，深暗。跟明相对，又跟显相对。,出自幽谷，迁於乔木。,"""《诗经》；《司马迁》；《曹植》；《杜甫》；《韩愈》；《柳宗元》；《欧阳修》；《王安石》"""
冥,冥,冥,"""暗，深暗。诗经小雅斯干：""哕哕其～。""",哕哕其冥。,"""《诗经》；《楚辞》；《荀子》；《杜牧》；《苏轼》"""
奥,奥,奥,"屋子里的西南角。论语八佾：\""与其媚於～，宁媚於灶。",与其媚於奥，宁媚於灶。,"""《论语》；《文选》；《文心雕龙》；《萧统》；《柳宗元》"""
精,精,精,上等细米。跟粗相对。,食不厌精。,"""《论语》；《文选》；《文心雕龙》；《邹阳》；《萧统》；《江淹》；《韩愈》；《李华》"""
众,众,众,"""多，特指人多。孟子梁惠王上：""寡固不可以敌～。""",寡固不可以敌众。,"""《论语》；《孟子》；《楚辞》；《柳宗元》"""
便,便,便,"安。墨子天志中：\""百姓皆得暖衣饱食，～宁无忧。",百姓皆得暖衣饱食，便宁无忧。,"""《论语》；《孟子》；《史记》；《汉书》；《战国策》；《墨子》；《陶潜》；《韩愈》；《李华》"""
嘉,嘉,嘉,"""好的，美好的。诗经小雅鹿鸣：""我有～宾。""",我有嘉宾。,"""《诗经》；《论语》；《汉书》；《楚辞》；《柳宗元》"""
遽,遽,遽,"传车，送信的快车或快马。左传僖公三十三年：\""且使～告於郑。",且使遽告於郑。,"""《左传》；《国语》；《贾谊》；《苏轼》"""
速,速,速,"快。礼记檀弓上：\""丧欲～贫，死欲～朽。",丧欲速贫，死欲速朽。,"""《诗经》；《易经》；《礼记》；《左传》；《孟子》"""
弥,弥,弥,"满。楚辞离骚：\""芳菲菲其～章。",芳菲菲其弥章。,"""《论语》；《楚辞》；《司马迁》；《苏轼》"""
愈,愈,愈,"病好了。孟子公孙丑下：\""昔者疾，今日～。",昔者疾，今日愈。,"""《论语》；《孟子》；《史记》；《老子》；《庄子》；《苏轼》"""
尤,尤,尤,"罪过，过失。论语为政：\""言寡～，行寡悔。",言寡尤，行寡悔。,"""《左传》；《论语》；《孟子》；《贾谊》；《司马迁》；《韩愈》；《柳宗元》；《欧阳修》；《苏轼》"""
极,极,极,名词。原为房屋的脊檩（在房屋的最高处），引申为房梁。,其邻有夫妻臣妾登极者。,"""《诗经》；《尚书》；《国语》；《庄子》；《司马迁》；《枚乘》；《张衡》；《王安石》；《方苞》"""
甚,甚,甚,形容词。厉害，达到了很厉害的程度。,沐甚雨，栉疾风。,"""《论语》；《孟子》；《老子》；《庄子》；《墨子》；《辛弃疾》"""
最,最,最,"最。庄子天下：\""然惠施之口谈，自以为～贤。",然惠施之口谈，自以为最贤。,"""《史记》；《汉书》；《老子》；《庄子》；《刘禹锡》；《欧阳修》"""
夫,夫,夫,"成年男人。诗经周南兔罝：\""赳赳武～，公侯干城。",赳赳武夫，公侯干城。,"""《诗经》；《左传》；《论语》；《孟子》；《战国策》；《韩非子》；《列子》；《贾谊》；《李华》；《苏轼》"""
妇,妇,妇,"妻。诗经卫风氓：\""三岁为～。",三岁为妇。,"""《诗经》；《论语》；《孟子》；《欧阳修》；《苏轼》"""
婴,婴,婴,"缠绕，被......缠着。司马迁报任安书：\""其次剔毛发，～金铁受辱。",其次剔毛发，婴金铁受辱。,"""《老子》；《列子》；《司马迁》；《杜甫》"""
孩,孩,孩,"小儿笑。老子二十章：\""如婴儿之未～。",孩提之童，莫不知爱其亲者。,"""《孟子》；《史记》；《老子》；《杜甫》"""
亲,亲,亲,"父母。孟子梁惠王上：\""未有仁而遗其～者也。",亲戚为戮，不可以莫之报。,"""《左传》；《论语》；《孟子》；《贾谊》；《司马迁》；《欧阳修》；《苏轼》"""
眷,眷,眷,"回顾而表示恋恋不舍。诗经大雅皇矣：\""乃～西顾。",乃眷西顾。,"""《诗经》；《陶潜》；《杜甫》；《柳宗元》"""
竹,竹,竹,"竹。诗经卫风淇奥：\""绿～青青。",绿竹青青。,"""《诗经》；《韩愈》；《刘禹锡》"""
木,木,木,"树。孟子梁惠王上：\""犹缘～而求鱼也。",犹缘木而求鱼也。,"""《论语》；《孟子》；《韩愈》；《柳宗元》"""
谷,谷,谷,"两山之间的溪流。公羊传僖公三年：\""无障～。",吾闻出於幽谷，迁於乔木者，未闻下乔木而入於幽谷者。,"""《诗经》；《公羊传》；《孟子》；《韩愈》"""
壑,壑,壑,"""山沟。国语晋语：""溪～可盈。""",溪壑可盈。,"""《战国策》；《国语》；《张衡》；《王维》；《欧阳修》"""
亭,亭,亭,古代的一种公家房舍，建在路旁，以便旅客投宿，亭上有楼，以便侦察盗贼。汉承秦制，十里一亭。,常数从其下乡南昌亭长寄食。,"""《史记》；《庾信》；《李白》；《刘禹锡》；《欧阳修》；《苏轼》"""
台,台,台,台。一种建筑物，筑土成正方形，高一丈以上，以便观望。,经始灵台，经之营之。,"""《诗经》；《尚书》；《左传》；《杜甫》；《韩愈》；《杜牧》"""
郊,郊,郊,郊。上古时代，国都百里之外为郊。,跨马出郊时极目，不堪人事日萧条。,"""《孟子》；《杜甫》；《欧阳修》"""
墟,墟,墟,"大丘。这个意义本写作\""虚\""。",虚,"""《诗经》；《汉书》；《贾谊》；《陶潜》；《王勃》；《王维》；《柳宗元》"""
材,材,材,"木材。孟子梁惠王上：\""～木不可胜用也。",材木不可胜用也。,"""《孟子》；《文心雕龙》；《司马迁》；《柳宗元》"""
才,才,才,"才能。论语子路：\""举贤～。",举贤才。,"""《论语》；《汉书》；《文选》；《贾谊》；《司马迁》；《孟浩然》；《杜甫》；《苏轼》"""
簿,簿,簿,"册子，上面记录着审问的材料或罪人的供状。史记李将军列传：\""大将军使长史急责广之幕府对～。",大将军使长史急责广之幕府对簿。,"""《史记》；《汉书》；《杜甫》"""
籍,籍,籍,"文献，书籍。孟子万章下：\""诸侯恶其害己也，而皆去其～。",若夫姬公之籍，孔父之书。,"""《周礼》；《春秋》；《孟子》；《史记》；《汉书》；《三国志》；《韩非子》；《文选》；《论衡》；《班固》；《曹植》；《左思》；《萧统》；《柳宗元》"""
状,状,状,"""形状，样子。世说新语雅量：""～如不觉。""",状如不觉。,"""《史记》；《汉书》；《文心雕龙》；《世说新语》；《水经注》；《贾谊》；《柳宗元》"""
类,类,类,"""种类。孟子梁惠王上：""王之不王，是折枝之～也。""",王之不王，是折枝之类也。,"""《左传》；《春秋》；《孟子》；《荀子》；《吕氏春秋》；《韩愈》；《柳宗元》"""
寿,寿,寿,"长命。诗经小雅天保：\""如南山之～。",如南山之寿。,"""《诗经》；《左传》；《史记》；《战国策》；《陶潜》；《李华》"""
命,命,命,动词。命令。,命子封帅车二百乘以伐京。,"""《左传》；《论语》；《孟子》；《史记》；《曹植》；《陶潜》；《韩愈》；《李华》"""
志,志,志,"心的倾向，志向，志愿。论语公冶长：\""盍各言尔～。",盍各言尔志。,"""《论语》；《孟子》；《庄子》；《贾谊》；《韩愈》；《柳宗元》；《欧阳修》；《苏轼》"""
趣,趣,趣,读qū。朝某一方向奔去。,趣舍异路。,"""《礼记》；《史记》；《汉书》；《孙子》；《淮南子》；《司马迁》；《陶潜》；《杜甫》"""
涕,涕,涕,"""眼泪。诗经卫风氓：""泣～涟涟。""",泣涕涟涟。,"""《诗经》；《左传》；《楚辞》；《司马迁》；《庾信》"""
泣,泣,泣,"眼泪。史记项羽本纪：\""项羽～数行下。",项羽泣数行下。,"""《史记》；《战国策》；《老子》；《贾谊》；《司马迁》；《江淹》；《庾信》；《欧阳修》；《苏轼》；《陆游》"""
膏,膏,膏,"""脂肪，脂肪所熬的油。庄子山木：""～火自煎也。""",膏火自煎也。,"""《诗经》；《左传》；《孟子》；《庄子》；《贾谊》；《韩愈》"""
泽,泽,泽,"水所聚的地方，一般指湖沼。孟子滕文公上：\""益烈山～而焚之。",益烈山泽而焚之。,"""《左传》；《孟子》；《史记》；《楚辞》；《庄子》；《王勃》；《韩愈》；《白居易》"""
帷,帷,帷,"""围在四周的帐幕，布制的围墙。邹阳狱中上梁王书：""今人主沈谄谀之辞，牵～墙之制。""",今人主沈谄谀之辞，牵帷墙之制。,"""《古诗十九首》；《邹阳》；《王勃》；《李白》"""
盖,盖,盖,"茅草编织物，用来盖屋的，又用来遮蔽身体保暖的。左传襄公十四年：\""乃祖吾离被苫～，蒙荆棘，以来归我先君。",乃祖吾离被苫盖，蒙荆棘，以来归我先君。,"""《仪礼》；《左传》；《论语》；《史记》；《文选》；《淮南子》；《邹阳》；《陶潜》；《萧统》；《李白》；《杜甫》"""
梗,梗,梗,"植物的枝或茎。战国策齐策三：\""有土偶人与桃～相与语。",薄宦梗犹泛。,"""《战国策》；《楚辞》；《张衡》；《左思》；《韩愈》；《白居易》；《李商隐》"""
本,本,本,树的主干。跟末相对。,禽之而乘其车，系桑本焉。,"""《左传》；《论语》；《孟子》；《贾谊》；《司马迁》；《李白》；《韩愈》；《柳宗元》"""
末,末,末,"树杪，树梢。跟\""本\""相对。",本,"""《孟子》；《楚辞》；《贾谊》；《司马迁》；《张衡》"""
纪,纪,纪,"丝的头绪，丝的条理。礼记礼器：\""～散而众乱。",纪散而众乱。,"""《礼记》；《史记》；《国语》；《文选》；《淮南子》；《扬雄》；《谢灵运》；《萧统》；《韩愈》；《李商隐》"""
载,载,载,"用车装载。礼记檀弓上：\""南宫敬叔反，必～宝而朝。",南宫敬叔反，必载宝而朝。,"""《诗经》；《尚书》；《礼记》；《孟子》；《战国策》；《荀子》；《文选》；《司马迁》；《陶潜》；《萧统》；《柳宗元》"""
监,监,监,读jiàn。对着盆水照看自己的形象。,古人有言曰：\'人无於水监，当於人监。\',"""《诗经》；《尚书》；《礼记》；《左传》；《论语》；《文选》；《萧统》"""
抚,抚,抚,"抚摩。礼记丧服大记：\""主人降，北面於堂下，君～之，主人拜稽颡。",主人降，北面於堂下，君抚之，主人拜稽颡。,"""《尚书》；《礼记》；《左传》；《孟子》；《史记》；《庾信》；《李白》"""
游,游,游,"在水面上浮行。诗经邶风谷风：\""就其浅矣，泳之～之。","""就其浅矣，泳之游之。""","""《诗经》；《墨子》；《文选》；《萧统》；《欧阳修》"""
扬,扬,扬,"举起来。礼记檀弓下：\""杜篑洗而～觯。",扬其目而视之。,"""《诗经》；《尚书》；《礼记》；《史记》；《楚辞》；《荀子》；《枚乘》；《曹植》；《李白》；《杜甫》"""
抗,抗,抗,"抵御，抵抗。列子黄帝：\""而以道与世～。",而以道与世抗。,"""《礼记》；《史记》；《楚辞》；《荀子》；《列子》；《文选》；《扬雄》；《萧统》；《杜甫》；《李华》"""
奋,奋,奋,"""鸟举翅飞翔。诗经邶风柏舟：""静言思之，不能～飞。""",静言思之，不能奋飞。,"""《诗经》；《礼记》；《贾谊》；《扬雄》"""
没,没,没,读mò。沉入水中有所取。,始浮，行数十里乃没。,"""《礼记》；《论语》；《孟子》；《史记》；《汉书》；《庄子》；《司马迁》；《陶潜》；《韩愈》；《李华》；《苏轼》"""
通,通,通,"通，通到。庄子秋水：\""舟车之所～。",舟车之所通。,"""《左传》；《孟子》；《史记》；《汉书》；《后汉书》；《庄子》；《文心雕龙》；《世说新语》；《司马迁》；《韩愈》"""
达,达,达,"通到，到。尚书禹贡：\""浮於淮泗，～於河。",丘未达，不敢尝。,"""《尚书》；《礼记》；《论语》；《孟子》；《世说新语》；《左思》；《谢灵运》；《沈约》；《王勃》；《杜甫》"""
辨,辨,辨,"判别，分别。荀子荣辱：\""目～白黑美恶，耳～音声清浊，口～酸咸甘苦。",目辨白黑美恶，耳辨音声清浊，口辨酸咸甘苦。,"""《庄子》；《荀子》；《文选》；《文心雕龙》；《陶潜》；《萧统》"""
析,析,析,"""劈。诗经齐风南山：""～薪如之何？匪斧不克。""",析薪如之何？匪斧不克。,"""《诗经》；《文选》；《扬雄》；《陶潜》；《萧统》"""
判,判,判,"分，分开，分离。国语周语：\""若七德离～，民乃携贰。",强弱胜负已判矣。,"""《春秋》；《国语》；《杜甫》；《柳宗元》"""
切,切,切,读qiē。用刀切开。,请一切逐客。,"""《诗经》；《周易》；《礼记》；《论语》；《史记》；《文心雕龙》；《谢灵运》；《沈约》；《白居易》；《王安石》；《辛弃疾》；《柳永》"""
推,推,推,"以手从后用力使物体前移。左传成公二年：\""苟有险，余必下～车。",苟有险，余必下推车。,"""《尚书》；《周易》；《礼记》；《左传》；《孟子》；《史记》；《楚辞》；《韩非子》；《司马迁》"""
移,移,移,"迁移，移动。孟子梁惠王上：\""河内凶，则～其民於河东。",河内凶，则移其民於河东。,"""《论语》；《孟子》；《汉书》；《荀子》；《邹阳》；《王勃》"""
革,革,革,"去毛的兽皮。诗经召南羔羊：\""羔羊之～。",羔羊之革。,"""《诗经》；《周易》；《礼记》；《左传》；《孟子》；《庄子》；《扬雄》；《谢灵运》；《沈约》；《韩愈》"""
闻,闻,闻,"听见。孟子梁惠王上：\""～其声，不忍食其肉。",纲罗天下放失旧闻。,"""《诗经》；《礼记》；《左传》；《论语》；《孟子》；《战国策》；《司马迁》；《扬雄》"""
宿,宿,宿,"住宿，过夜。论语微子：\""止子路～。",净淘种子，渍经三宿。,"""《论语》；《孟子》；《史记》；《汉书》；《三国志》；《战国策》；《列子》；《曹植》；《杜甫》"""
随,随,随,"跟随。庄子人间世：\""自吾执斧斤以～夫子，未尝见材如此其美也。",而猥随俗之毁誉也。,"""《尚书》；《汉书》；《庄子》；《司马迁》"""
沮,沮,沮,"""读jǔ。阻止。孟子梁惠王下：""嬖人有臧仓者～君，君是以不果来也。""",嬖人有臧仓者沮君，君是以不果来也。,"""《孟子》；《贾谊》；《司马迁》；《苏轼》"""
拟,拟,拟,"比量，比划。汉书苏武传：\""复举剑～之，武不动。",儗,"""《易经》；《礼记》；《史记》；《汉书》；《文选》；《文心雕龙》；《扬雄》；《陶潜》；《萧统》；《杜甫》；《辛弃疾》"""
测,测,测,"""度量水的深浅。枚乘上书谏吴王：""上悬之无极之高，下垂之不～之渊。""",上悬之无极之高，下垂之不测之渊。,"""《左传》；《史记》；《水经注》；《枚乘》"""
当,当,当,读dāng。对着，面对。,盛夏之时，当风而立。,"""《礼记》；《论语》；《孟子》；《史记》；《庄子》；《文心雕龙》；《论衡》；《司马迁》；《扬雄》；《杜甫》"""
须,须,须,"须。汉书高帝纪：\""隆准而龙颜，美～髯。",疏眉目，美须髯。,"""《诗经》；《礼记》；《左传》；《汉书》；《谢灵运》；《沈约》；《杜甫》"""
饶,饶,饶,"富，丰足。史记陈丞相世家：\""赍用益～，游道日广。",赍用益饶，游道日广。,"""《史记》；《洛阳伽蓝记》"""
秀,秀,秀,"谷类吐穗开花。诗经大雅生民：\""实发实～。",实发实秀。,"""《诗经》；《论语》；《谢灵运》；《沈约》；《韩愈》；《柳宗元》；《欧阳修》"""
丽,丽,丽,"双，偶，成对。文心雕龙丽辞：\""岂营～辞，率然对尔。",岂营丽辞，率然对尔。,"""《周易》；《文心雕龙》；《谢灵运》；《沈约》；《杜甫》"""
工,工,工,"工人，有技艺的人。论语卫灵公：\""～欲善其事，必先利其器。",工欲善其事，必先利其器。,"""《论语》；《孟子》；《楚辞》；《韩非子》；《谢灵运》；《沈约》；《韩愈》"""
博,博,博,"宽广，广阔。礼记中庸：\""～厚配地，高明配天。",博厚配地，高明配天。,"""《礼记》；《论语》；《孟子》；《史记》；《文心雕龙》"""
核,核,核,"考究其内在的意义。孔稚圭北山移文：\""～玄玄於道流。",核玄玄於道流。,"""《汉书》；《后汉书》；《文心雕龙》"""
奇,奇,奇,"异乎寻常的。跟\""正\""相对。",然仆观其为人，自守奇士。,"""《周易》；《礼记》；《史记》；《司马迁》；《扬雄》；《陶潜》；《王维》；《韩愈》"""
偶,偶,偶,"土或木作的人像。战国策齐策三：\""有土～人与桃梗相与语。",有土偶人与桃梗相与语。桃梗谓土偶人曰。,"""《礼记》；《左传》；《史记》；《战国策》；《列子》；《文心雕龙》；《白居易》"""
丹,丹,丹,"丹砂，朱砂，可以作彩色用。诗经秦风终南\""颜如渥～。",铁券丹书,"""《诗经》；《汉书》；《文心雕龙》；《司马迁》；《扬雄》；《江淹》；《王勃》；《杜甫》"""
红,红,红,"浅红，桃红，粉红。论语乡党：\""～紫不以为亵服。",间色屏於红紫。,"""《论语》；《汉书》；《文心雕龙》；《庾信》"""
允,允,允,"信，诚。尚书舜典：\""夙夜出纳朕命，惟～。",夙夜出纳朕命，惟允。,"""《诗经》；《尚书》；《文心雕龙》；《韩愈》"""
舛,舛,舛,"""错乱，违背。楚辞九叹惜贤：""情～错以曼忧。""",情舛错以曼忧。,"""《楚辞》；《王勃》"""
宁,宁,宁,"安，安宁。诗经小雅常棣：\""丧乱既平，既安且～。",丧乱既平，既安且宁。,"""《诗经》；《史记》；《文选》；《萧统》；《王勃》"""
豫,豫,豫,出游。特指天子秋日出巡。,夏谚曰：\'吾王不游，吾何以休？吾王不豫，吾何以助？一游一豫，为诸侯度。\',"""《诗经》；《尚书》；《周易》；《礼记》；《孟子》；《文心雕龙》；《张衡》"""
尚,尚,尚,"上。孟子万章下：\""以友天下之善士为未足，又～论古之人。",事为春秋，言为尚书。,"""《诗经》；《尚书》；《礼记》；《春秋》；《论语》；《孟子》；《史记》；《汉书》；《战国策》；《墨子》；《文心雕龙》；《司马迁》；《陶潜》"""
攸,攸,攸,"所。易经坤卦：\""君子有～往。",君子有攸往。,"""《诗经》；《易经》；《谢灵运》；《沈约》"""
甫,甫,甫,始，刚刚。表时间的副词。,甫乃以情纬文，以文被质。,"""《诗经》；《礼记》；《左传》；《论语》；《汉书》；《贾谊》；《谢灵运》；《沈约》"""
聊,聊,聊,"藉，依赖，依靠。王粲登楼赋：\""登兹楼以四望，～暇日以销忧。",登兹楼以四望，聊暇日以销忧。,"""《楚辞》；《庾信》；《杜甫》"""
匪,匪,匪,"竹制的器皿，筐子之类。孟子滕文公下：\""东征，绥厥士女，～厥玄黄。",篚,"""《诗经》；《尚书》；《易经》；《孟子》"""
厥,厥,厥,代词。他的，它的。,遭世罔极兮，乃殒厥身。,"""《诗经》；《国语》；《文选》；《贾谊》；《司马迁》；《萧统》"""
经,经,经,"织布纵线为经，跟\""纬\""（横线）相对。常用作比喻。",故情者文之经，辞者理之纬。,"""《诗经》；《礼记》；《周礼》；《左传》；《论语》；《史记》；《汉书》；《文心雕龙》；《韩愈》；《柳宗元》；《白居易》；《杜牧》"""
典,典,典,"简册，重要的文献，书籍。左传昭公十二年：\""是能读三坟、五～、八索、九丘。",司晋之典籍。,"""《诗经》；《尚书》；《周礼》；《左传》；《孝经》；《汉书》；《三国志》；《文心雕龙》；《颜氏家训》；《曹操》；《萧统》；《杜甫》；《文天祥》"""
简,简,简,"竹简，古代用来写字的狭长竹片。一简为一行，若干简并排编起来，成为一篇文章或一本书，叫做\""策\""或\""册\""。",策,"""《左传》；《论语》；《孟子》；《文选》；《萧统》"""
篇,篇,篇,"""古代文章写在竹简上，把首尾完整的一部分用丝绳或皮带编在一起叫""篇""。司马迁报任安书：""诗三百～，大抵圣贤之所为作也。""",篇,"""《论语》；《史记》；《汉书》；《文选》；《司马迁》；《左思》；《谢灵运》；《沈约》；《萧统》"""
词,词,词,"词句，言词。文心雕龙熔裁：\""剪裁浮～谓之裁。",剪裁浮词谓之裁。,"""《周易》；《论语》；《史记》；《文选》；《文心雕龙》；《萧统》；《庾信》"""
赋,赋,赋,"田赋，赋税。尚书禹贡：\""厥田惟上下，厥～中上。",厥田惟上下，厥赋中上。,"""《诗经》；《尚书》；《左传》；《春秋》；《论语》；《史记》；《汉书》；《国语》；《吕氏春秋》；《文心雕龙》；《陶潜》；《文天祥》"""
序,序,序,"东西墙。尚书顾命：\""西～东向。",西序东向。,"""《尚书》；《礼记》；《仪礼》；《孟子》；《史记》；《汉书》；《文选》；《文心雕龙》；《萧统》；《韩愈》"""
铭,铭,铭,"""在器物上刻铸文辞用以自警，或称述功德，叫作""铭""。礼记大学：""汤之盘～曰：'苟日新，日日新，又日新。'""用作动词时表示刻，镂。""",铭,"""《礼记》；《文选》；《萧统》；《柳宗元》"""
诔,诔,诔,"""读lěi。称述死者生前的言行而加以哀悼。左传哀公十六年：""公～之曰。""",公诔之曰。,"""《左传》；《文选》；《萧统》"""
赞,赞,赞,"辅助，辅佐。左传僖公二十二年：\""天～我也。",天赞我也。,"""《礼记》；《左传》；《史记》；《汉书》；《后汉书》；《三国志》；《文选》；《文心雕龙》；《萧统》"""
章,章,章,"音乐的一章。礼记曲礼下：\""既葬，读祭礼",既葬，读祭礼；丧复常，读乐章。,"""《礼记》；《汉书》；《楚辞》；《文选》；《文心雕龙》；《古诗十九首》；《扬雄》；《萧统》"""
表,表,表,"穿在外面的衣服，罩衫。又为衣服的外层，跟\""里\""相对。",表里,"""《尚书》；《周礼》；《左传》；《春秋》；《论语》；《史记》；《汉书》；《后汉书》；《文选》；《司马迁》；《萧统》；《欧阳修》"""
旨,旨,旨,"美味，好吃的东西。论语阳货：\""食～不甘，闻乐不乐。",食旨不甘，闻乐不乐。,"""《诗经》；《论语》；《文心雕龙》；《谢灵运》；《沈约》；《杜甫》"""
风,风,风,"风。诗经郑风风雨：\""～雨凄凄。",风雨凄凄。,"""《诗经》；《礼记》；《左传》；《孟子》；《史记》；《汉书》；《文心雕龙》；《世说新语》；《司马迁》"""
骚,骚,骚,"扰乱，扰动，诗经大雅常武：\""徐方绎～。\""（徐方：周时江淮一带的少数民族部落。",早暮咈吾耳，骚吾心。,"""《诗经》；《楚辞》；《文选》；《文心雕龙》；《萧统》；《韩愈》；《柳宗元》；《范仲淹》"""
翰,翰,翰,鸟名。或名天鸡。,文翰若翬雉。,"""《诗经》；《文选》；《萧统》"""
藻,藻,藻,"""水草之一种。茎大如钗股，叶蒙茸，深绿色。诗经召南采苹：""于以采～，于彼行潦。""",于以采藻，于彼行潦。,"""《诗经》；《文心雕龙》；《曹植》；《谢灵运》"""
律,律,律,规则，法令。特指刑法的条文。,秦法酷烈，而萧何造律。,"""《孟子》；《汉书》；《庄子》；《文心雕龙》；《扬雄》；《杜甫》；《陆游》"""
荣,荣,荣,"花，开花。礼记月令：\""木堇（槿）～。",古诗十九首：,"""《礼记》；《庄子》；《文心雕龙》；《古诗十九首》；《司马迁》；《扬雄》；《陶潜》；《白居易》"""
华,华,华,"花，开花。诗经周南桃夭：\""桃之夭夭，灼灼其～。",建翠华之旗。,"""《诗经》；《尚书》；《礼记》；《汉书》；《文心雕龙》；《洛阳伽蓝记》；《王勃》；《杜甫》；《韩愈》"""
轨,轨,轨,"""车两轮间的距离，车辙。礼记中庸：""今天下车同～。""",今天下车同轨。,"""《礼记》；《左传》；《史记》；《韩非子》；《谢灵运》；《沈约》"""
范,范,范,"""铸造器物用的竹模子。本作""笵""。论衡物势篇：""今之陶冶者，初埏坛作器，必模笵为形。""",笵,"""《易经》；《文心雕龙》；《论衡》；《谢灵运》；《沈约》；《王勃》"""
规,规,规,"圆规，画圆形的工具。孟子离娄上：\""不以～矩，不能成方圆。",不以规矩，不能成方圆。,"""《诗经》；《孟子》；《庄子》；《文心雕龙》；《扬雄》"""
则,则,则,"准则，模范。诗经豳风伐柯：\""伐柯伐柯，（柯：斧子把。",楚辞离骚：,"""《诗经》；《左传》；《论语》；《孟子》；《楚辞》；《文心雕龙》"""
准,准,准,水平。引申为一般的平。,置平准于京师，都受天下委输。,"""《史记》；《汉书》；《文选》；《文心雕龙》；《萧统》"""
昆,昆,昆,"""兄。诗经王风葛藟：""谓他人～。""",谓他人昆。,"""《诗经》；《尚书》；《论语》；《邹阳》；《谢灵运》；《沈约》"""
弟,弟,弟,"兄弟。左传隐公元年：\""况君之宠～乎？",有事，弟子服其劳。,"""《左传》；《论语》；《孟子》；《史记》；《汉书》；《孙子》"""
形,形,形,"""形象，形体，形状。文心雕龙物色：""参差沃若，两字穷～。""",参差沃若，两字穷形。,"""《文选》；《文心雕龙》；《司马迁》；《枚乘》；《萧统》；《柳宗元》"""
绮,绮,绮,"""花纹攲斜的丝织品。古诗十九首：""客从远方来，遗我一端～。""",客从远方来，遗我一端绮。,"""《文心雕龙》；《古诗十九首》"""
练,练,练,"""熟绢（白色的）。谢脁晚登三山远望京邑诗：""澄江静如～。""",澄江静如练。,"""《墨子》；《文心雕龙》；《水经注》；《淮南子》"""
伦,伦,伦,"人与人之间的正常关系。论语微子：\""欲洁其身而乱大～。",欲洁其身而乱大伦。,"""《礼记》；《论语》；《孟子》；《三国志》；《荀子》；《文选》；《萧统》；《韩愈》"""
常,常,常,"永久的，固定的。论语子张：\""而亦何～师之有？",今商王受，狎侮五常。,"""《尚书》；《论语》；《史记》；《庄子》；《韩非子》；《文心雕龙》；《扬雄》；《杜甫》"""
网,网,网,"鱼网上的总绳。尚书盘庚上：\""若网在～，有条而不紊。",为政贵当举网。,"""《尚书》；《韩非子》；《文心雕龙》；《扬雄》；《文天祥》"""
维,维,维,"系物的大绳。淮南子天文：\""［共工］怒而触不周之山，天柱折，地～绝。",［共工］怒而触不周之山，天柱折，地维绝。,"""《诗经》；《周礼》；《仪礼》；《史记》；《淮南子》；《司马迁》；《王勃》"""
契,契,契,"用刀刻。诗经大雅绵：\""爰～我龟。",锲而舍之，朽木不折；锲而不舍，金石可镂。,"""《诗经》；《易经》；《荀子》；《韩非子》；《文选》；《文心雕龙》；《曹操》；《萧统》"""
几,几,几,读jī。隐微。,夫易，圣人之所以极深而研几也。,"""《尚书》；《易经》；《论语》；《孟子》；《史记》；《汉书》；《文心雕龙》；《贾谊》；《韩愈》；《柳宗元》"""
始,始,始,"""事情的开头。跟""终""相对。论语公冶长：""～吾於人也，听其言而信其行。""",终,"""《论语》；《战国策》；《柳宗元》"""
终,终,终,"终结，终了。跟\""始\""相对。",始,"""《诗经》；《礼记》；《左传》；《论语》；《孟子》；《汉书》；《战国策》；《老子》；《荀子》；《文选》；《萧统》；《韩愈》；《欧阳修》"""
羞,羞,羞,"进献美味，荐。左传隐公三年：\""可荐於鬼神，可～於王公。",可荐於鬼神，可羞於王公。,"""《周易》；《仪礼》；《左传》；《战国策》；《陶潜》"""
辱,辱,辱,名词，形容词。耻辱，可耻。,荣,"""《诗经》；《左传》；《孟子》；《庄子》；《司马迁》；《柳宗元》；《苏轼》；《范仲淹》"""
创,创,创,读chuāng。名词。,裂裳衣疮。,"""《礼记》；《论语》；《孟子》；《史记》；《扬雄》；《杜甫》；《柳宗元》"""
造,造,造,到［某地］去。最初指到尊贵者的处所去。,不幸而有疾，不能造朝。,"""《诗经》；《论语》；《孟子》；《战国策》；《庄子》；《世说新语》；《淮南子》；《贾谊》；《陶潜》；《杜甫》；《韩愈》；《苏轼》"""
潜,潜,潜,"""在水面下行走。庄子达生：""至人～行不窒，蹈火不热。""",至人潜行不窒，蹈火不热。,"""《易经》；《左传》；《庄子》；《荀子》；《谢灵运》；《杜甫》；《苏轼》"""
藏,藏,藏,"把谷物保藏起来。墨子三辩：\""农夫春耕，夏耘，秋敛，冬～。",农夫春耕，夏耘，秋敛，冬藏。,"""《礼记》；《左传》；《论语》；《汉书》；《庄子》；《荀子》；《墨子》；《司马迁》；《苏轼》"""
步,步,步,"走路，特指慢慢地走。庄子田子方：\""夫子～亦～，夫子趋亦趋。",步伐,"""《周礼》；《孟子》；《汉书》；《楚辞》；《庄子》；《荀子》"""
履,履,履,"践，踩，在......上行走。易经坤卦：\""～霜坚冰至。",履霜坚冰至。,"""《诗经》；《易经》；《史记》；《韩非子》；《文心雕龙》"""
枕,枕,枕,"""枕头。战国策齐策四：""君姑高～为乐矣。""",君姑高枕为乐矣。,"""《论语》；《汉书》；《战国策》；《王勃》；《杜甫》；《李华》；《苏轼》"""
藉,藉,藉,读jiè。草垫子。,藉用白茅。,"""《易经》；《史记》；《柳宗元》；《苏轼》"""
凌,凌,凌,"""犯，越。""",凌余阵兮躐余行。,"""《诗经》；《楚辞》；《曹植》；《左思》；《陶潜》；《王勃》；《杜甫》"""
厉,厉,厉,"磨刀石。诗经大雅公刘：\""取～取锻。",磨砻底厉，不见其损，有时而尽。,"""《诗经》；《尚书》；《周礼》；《左传》；《论语》；《史记》；《庄子》；《文选》；《世说新语》；《枚乘》；《萧统》；《柳宗元》"""
迫,迫,迫,"近。司马迁报任安书：\""涉旬月，～季冬。",涉旬月，迫季冬。,"""《庄子》；《司马迁》；《曹植》"""
陨,陨,陨,"从高处掉下来。易经姤卦：\""有～自天。",有陨自天。,"""《诗经》；《易经》；《左传》；《公羊传》；《贾谊》"""
落,落,落,"草木凋谢。诗经卫风氓：\""桑之未～。",桑之未落。,"""《诗经》；《礼记》；《汉书》；《后汉书》；《楚辞》；《王维》；《杜甫》；《杜牧》"""
运,运,运,"转动，旋转。易经系辞上：\""日月～行。",日月运行。,"""《易经》；《孟子》；《史记》；《汉书》；《庄子》；《陶潜》；《王勃》；《杜甫》"""
输,输,输,"""运送。左传僖公十三年：""秦於是乎～粟于晋。""",秦於是乎输粟于晋。,"""《左传》；《王维》；《杜甫》；《杜牧》"""
役,役,役,"戍守边疆。诗经王风君子于役：\""君子于～。",君子役物，小人役於物。,"""《诗经》；《左传》；《孟子》；《国语》；《荀子》；《墨子》；《陶潜》；《杜甫》；《韩愈》"""
募,募,募,"""广泛徵求，招集。荀子议兵：""招延～选。""",招延募选。,"""《汉书》；《荀子》；《李华》"""
吹,吹,吹,"急呼气。老子二十九章：\""或嘘或～。",生物之以息相吹也。,"""《诗经》；《汉书》；《老子》；《庄子》；《陶潜》；《杜甫》"""
唱,唱,唱,"领唱。庄子德充符：\""和而不～。",唱和有应。,"""《诗经》；《礼记》；《汉书》；《后汉书》；《庄子》；《荀子》；《王勃》；《杜甫》"""
叩,叩,叩,"询问。论语子罕：\""我～其两端而竭焉。",我叩其两端而竭焉。,"""《周礼》；《左传》；《春秋》；《论语》；《孟子》；《史记》；《汉书》；《吕氏春秋》；《贾谊》；《陶潜》；《苏轼》；《方苞》"""
弹,弹,弹,读dàn，名词。弹弓。,左挟弹，右摄丸。,"""《礼记》；《左传》；《战国策》；《楚辞》；《庄子》；《曹植》"""
读,读,读,读dú，旧读入声。读书。,颂其诗，读其书，不知其人可乎？,"""《尚书》；《礼记》；《孟子》；《汉书》；《韩愈》"""
号,号,号,读háo。高声呼喊。,或不知叫号。,"""《诗经》；《易经》；《史记》；《汉书》；《国语》；《庄子》；《荀子》；《班固》；《陶潜》；《杜甫》；《韩愈》；《白居易》；《苏轼》；《陆游》；《辛弃疾》；《范仲淹》"""
讯,讯,讯,"问，特指上问下。诗经小雅正月：\""召彼故老，～之占梦。",君尝讯臣矣。,"""《诗经》；《公羊传》；《荀子》；《邹阳》；《陶潜》"""
诘,诘,诘,"""责问。左传襄公二十五年：""士庄伯不能～。""",士庄伯不能诘。,"""《诗经》；《左传》；《淮南子》；《韩愈》"""
叙,叙,叙,"使有次序，妥善地安排。尚书皋陶谟：\""惇～九族。",惇叙九族。,"""《尚书》；《三国志》；《国语》；《江淹》"""
诉,诉,诉,"告，特指以冤枉或委屈告诉在上的人。史记龟策列传：\""身在患中，莫可告语，王有德义，故来告～。",身在患中，莫可告语，王有德义，故来告诉。,"""《史记》；《汉书》；《后汉书》；《三国志》；《李华》；《苏轼》"""
摹,摹,摹,"""照样描画。江淹别赋：""谁能～暂离之状？""韩愈画记：""余之手～也。""",谁能摹暂离之状？,"""《江淹》；《韩愈》"""
写,写,写,"倾注，倾泻。礼记曲礼上：\""御食於君，君赐余，器之溉者不～，其余皆～。",以浍写水。,"""《诗经》；《礼记》；《周礼》；《汉书》；《后汉书》；《三国志》；《文心雕龙》；《淮南子》；《曹操》；《江淹》；《李白》；《杜甫》；《苏轼》"""
排,排,排,"推，推开。礼记少仪：\""～阖说屦於户内者，一人而已矣。",哙乃排闼直入。,"""《礼记》；《孟子》；《史记》；《战国策》；《韩愈》；《白居易》"""
攘,攘,攘,"排斥，打退。公羊传僖公四年：\""～夷狄。",攘夷狄。,"""《公羊传》；《论语》；《孟子》；《曹植》；《韩愈》"""
窜,窜,窜,"躲藏。左传定公四年：\""天诱其衷，致罚於楚，而君又～之。",求广土而窜伏焉。,"""《尚书》；《左传》；《汉书》；《国语》；《贾谊》；《王勃》；《韩愈》；《李商隐》"""
列,列,列,"分裂。\""列地\""、\""列土\""二字连用，表示分封为王侯。",列地,"""《左传》；《史记》；《汉书》；《荀子》；《司马迁》；《陶潜》；《韩愈》；《白居易》"""
垂,垂,垂,"边疆。荀子臣道：\""边境之臣处，则疆～不丧。",边境之臣处，则疆垂不丧。,"""《易经》；《左传》；《孟子》；《史记》；《汉书》；《后汉书》；《荀子》；《扬雄》；《曹植》；《谢灵运》；《沈约》；《杜甫》；《白居易》"""
尊,尊,尊,"盛酒器。庄子马蹄：\""故纯朴不残，孰为牺～？",故纯朴不残，孰为牺尊？,"""《论语》；《孟子》；《战国策》；《庄子》；《荀子》；《陶潜》；《王勃》；《杜甫》"""
盛,盛,盛,读chéng。黍稷在器中，用来祭祀的。,诸侯耕助以供粢盛。,"""《左传》；《孟子》；《汉书》；《战国策》；《庄子》；《韩愈》"""
虚,虚,虚,大丘，特指旧都邑的遗址。旧读如胠(qū)。,升彼虚矣。,"""《诗经》；《汉书》；《荀子》；《贾谊》；《扬雄》；《邹阳》；《王勃》；《李商隐》；《苏轼》"""
枉,枉,枉,"［木］不直。跟\""直\""相对。",冤枉,"""《礼记》；《论语》；《三国志》；《荀子》；《淮南子》；《扬雄》；《曹操》；《杜甫》"""
和,和,和,"［音乐］调和，和谐。尚书舜典：\""声依永，律～声。",声依永，律和声。,"""《诗经》；《尚书》；《论语》；《国语》；《老子》；《荀子》；《白居易》；《刘禹锡》；《苏轼》"""
顺,顺,顺,"顺从。跟\""逆\""相对。",逆,"""《左传》；《孟子》；《汉书》；《杜甫》；《苏轼》"""
凛,凛,凛,"""寒冷。潘岳闲居赋：""～秋暑退，熙春寒往。""",凛秋暑退，熙春寒往。,"""《文选》；《萧统》；《李华》；《辛弃疾》"""
凝,凝,凝,"结冰。易经坤卦：\""履霜坚冰，阴始～也。",履霜坚冰，阴始凝也。,"""《诗经》；《易经》；《王勃》；《白居易》；《李华》；《柳永》"""
烂,烂,烂,"煮烂。吕氏春秋本味：\""熟而不～。",焦头烂额为上客。,"""《诗经》；《春秋》；《汉书》；《楚辞》；《庄子》；《吕氏春秋》；《江淹》；《杜甫》；《韩愈》"""
漫,漫,漫,读màn。水大的样子。,其池则汤汤汗汗，滉瀁弥漫，浩如河汉。 ,"""《荀子》；《江淹》；《杜甫》；《王安石》"""
赤,赤,赤,"""红。诗经豳风狼跋：""～舄几几。""",赤舄几几。,"""《诗经》；《尚书》；《扬雄》；《杜甫》；《韩愈》；《苏轼》"""
碧,碧,碧,"""青白色，即浅蓝。孔稚珪北山移文：""～岭再辱。""",碧岭再辱。,"""《江淹》；《孔稚珪》；《白居易》"""
青,青,青,"蓝色。荀子劝学：\""青，取之於蓝而～於蓝。",望郎上青楼。,"""《荀子》；《扬雄》；《庾信》；《李白》；《杜甫》；《刘禹锡》；《杜牧》"""
苍,苍,苍,"""深蓝。庄子逍遥游：""天之～～，其正色邪？""扬雄解嘲：""高者出～天。""",天之苍苍，其正色邪？,"""《庄子》；《扬雄》；《孔稚珪》"""
乍,乍,乍,副词。突然，忽然。,今人乍见孺子将入於井。,"""《孟子》；《曹植》；《江淹》；《孔稚珪》；《杜牧》；《柳永》"""
每,每,每,"每一。论语八佾：\""子入太庙，～事问。",子入太庙，每事问。,"""《论语》；《庄子》；《司马迁》；《孔稚珪》；《杜甫》"""
既,既,既,动词。尽。,道之出口，淡乎其无味。视之不足见，听之不足闻，用之不可既。,"""《诗经》；《论语》；《孟子》；《老子》；《韩愈》"""
卿,卿,卿,官阶名，爵位名。卿在公之下，大夫之上。,公卿大夫，此人爵也。,"""《左传》；《孟子》；《汉书》；《世说新语》；《扬雄》；《曹操》；《杜甫》"""
傅,傅,傅,"师傅，教师。礼记内则：\""十年，出就外～，居宿於外。",颜阖将傅卫灵公太子。,"""《尚书》；《礼记》；《左传》；《孟子》；《史记》；《汉书》；《后汉书》；《庄子》；《荀子》；《文心雕龙》；《颜氏家训》；《扬雄》；《张衡》"""
仪,仪,仪,"""仪容。饮食起居进退动作的准则，特指行礼的仪式。左传昭公二十五年：""子大叔见赵简子，简子问揖让周旋之礼焉。对曰：'是～也，非礼也。'""扬雄解嘲：""遂作君臣之～。""",子大叔见赵简子，简子问揖让周旋之礼焉。对曰：\'是仪也，非礼也。\',"""《左传》；《国语》；《扬雄》"""
容,容,容,"容纳，容得下。诗经卫风河广：\""谁谓河广？",剖之以为瓢，则瓠落无所容。,"""《诗经》；《论语》；《孟子》；《史记》；《楚辞》；《庄子》；《司马迁》；《枚乘》；《曹植》；《江淹》"""
祥,祥,祥,"吉凶的预兆。左传僖公十六年：\""是何～也？",是何祥也？吉凶焉在？,"""《礼记》；《周礼》；《左传》；《战国策》；《老子》；《贾谊》"""
殃,殃,殃,"""祸害，灾祸。易经坤卦：""积善之家，必有余庆；积不善之家，必有余～。""",积善之家，必有余庆；积不善之家，必有余殃。,"""《易经》；《礼记》；《楚辞》"""
条,条,条,"树枝。诗经周南汝坟：\""伐其～枚。",於是丛条瞋胆，叠颖怒魄。,"""《诗经》；《尚书》；《孟子》；《汉书》；《孔稚珪》"""
理,理,理,"加工玉石，雕琢［玉器］。战国策秦策三：\""郑人谓玉未～者璞。",使玉人理其璞。,"""《礼记》；《孟子》；《孝经》；《史记》；《汉书》；《战国策》；《庄子》；《荀子》；《韩非子》；《司马迁》；《张衡》；《杜甫》；《韩愈》"""
支,支,支,"枝。诗经卫风芄兰：\""芄兰之～。",本支百世。,"""《诗经》；《易经》；《左传》；《孟子》；《史记》；《汉书》；《战国策》；《庄子》；《扬雄》；《柳宗元》"""
叶,叶,叶,"叶子。扬雄解嘲：\""枝～扶疏。",枝叶扶疏。,"""《诗经》；《文选》；《扬雄》；《左思》；《萧统》"""
颖,颖,颖,"""禾末。诗经大雅生民：""实～实栗。""",实颖实栗。,"""《诗经》；《史记》；《谢灵运》；《孔稚珪》"""
轩,轩,轩,"大夫的车。左传闵公二年：\""卫懿公好鹤，鹤有乘～者。",卫懿公好鹤，鹤有乘轩者。,"""《左传》；《三国志》；《庄子》；《文心雕龙》；《沈约》；《江淹》；《孔稚珪》；《孟浩然》；《李白》；《杜甫》；《苏轼》"""
冕,冕,冕,"""大夫以上的冠。论语卫灵公：""行夏之时，乘殷之辂，服周之～。""",行夏之时，乘殷之辂，服周之冕。,"""《论语》；《文心雕龙》"""
庾,庾,庾,"""在野的谷仓。诗经小雅甫田：""曾孙之～，如坻如京。""",曾孙之庾，如坻如京。,"""《诗经》；《国语》；《杜牧》"""
廪,廪,廪,"""米仓，仓。孟子万章上：""父母使舜完～。""",父母使舜完廪。,"""《孟子》；《韩愈》"""
帛,帛,帛,"""丝织品，绸子。孟子梁惠王上：""五十者可以衣～矣。""",五十者可以衣帛矣。,"""《孟子》；《杜牧》"""
缕,缕,缕,"""麻线，线。墨子尚同上：""譬若丝～之有纪，罔罟之有纲。""",譬若丝缕之有纪，罔罟之有纲。,"""《左传》；《墨子》；《枚乘》；《杜甫》；《杜牧》；《苏轼》"""
扃,扃,扃,"""从外面可以关门的闩。庄子胠箧：""固～鐍。""",固扃鐍。,"""《庄子》；《孔稚珪》；《白居易》"""
牖,牖,牖,"""窗。论语雍也：""自～执其手。""",自牖执其手。,"""《论语》；《文心雕龙》；《贾谊》"""
楹,楹,楹,"""柱子。诗经小雅斯干：""有觉其～。""",有觉其楹。,"""《诗经》；《江淹》"""
槛,槛,槛,"""圈野兽的栅栏。淮南子主术：""故夫养虎豹犀象者，为之圈～。""",故夫养虎豹犀象者，为之圈槛。,"""《汉书》；《淮南子》；《司马迁》；《王勃》；《杜牧》"""
梁,梁,梁,"桥。庄子马蹄：\""泽无舟～。",桥梁。,"""《诗经》；《庄子》；《庾信》；《杜牧》"""
陵,陵,陵,"大土山。诗经小雅天保：\""如山如阜，如冈如～。",如山如阜，如冈如陵。,"""《诗经》；《礼记》；《左传》；《史记》；《汉书》；《三国志》；《司马迁》；《张衡》；《曹植》；《李白》；《杜牧》"""
津,津,津,"渡口。论语微子：\""使子路问～焉。",使子路问津焉。,"""《论语》；《庾信》；《王勃》"""
浦,浦,浦,"水边，河边，江边。诗经大雅常武：\""率彼淮～。",率彼淮浦。,"""《诗经》；《江淹》；《王勃》；《杜甫》"""
畴,畴,畴,"麻田，田。孟子尽心上：\""易其田～。",农人告余以春及，将有事於西畴。,"""《尚书》；《礼记》；《孟子》；《陶潜》；《杜甫》；《苏轼》"""
陌,陌,陌,"""田间的路。南北为阡，东西为陌。""",越陌度阡。,"""《曹操》；《陶潜》；《江淹》"""
晡,晡,晡,"""申时（等於现在下午四时）。杜甫徐步诗：""荒庭日欲～。""",荒庭日欲晡。,"""《庾信》；《杜甫》；《柳宗元》"""
曛,曛,曛,"""黄昏。李华吊古战场文：""风悲日～。""",风悲日曛。,"""《杜甫》；《李华》"""
块,块,块,"土块。左传僖公二十三年：\""乞食於野人，野人与之～。",乞食於野人，野人与之块。,"""《左传》；《楚辞》；《杜甫》；《杜牧》"""
砾,砾,砾,"""小石，碎石。韩非子内储说下：""僖侯浴汤中有～。""",僖侯浴汤中有砾。,"""《楚辞》；《韩非子》；《杜牧》"""
掇,掇,掇,"""拾取。诗经周南芣苢：""采采芣苢，薄言～之。""",采采芣苢，薄言掇之。,"""《诗经》；《曹操》；《杜甫》"""
控,控,控,"拉弓。史记刘敬叔孙通列传：\""当是时，冒顿为单于，兵强，～弦三十万。",当是时，冒顿为单于，兵强，控弦三十万。,"""《诗经》；《史记》；《曹植》；《王勃》"""
扪,扪,扪,"""持。诗经大雅抑：""莫～朕舌。""",莫扪朕舌。,"""《诗经》；《史记》；《李白》"""
把,把,把,"握持，攥(zuàn)。史记殷本纪：\""汤自～钺以伐昆吾。",汤自把钺以伐昆吾。,"""《史记》；《杜甫》；《苏轼》"""
挑,挑,挑,"读tiāo，挠，拨动。庄子大宗师：\""孰能登天游雾，挠～无极？",孤灯挑尽未成眠。,"""《史记》；《战国策》；《庄子》；《司马迁》；《白居易》"""
搔,搔,搔,"""挠，用手指甲轻刮。诗经郑风静女：""爱而不见，～首踟蹰。""",爱而不见，搔首踟蹰。,"""《诗经》；《枚乘》；《杜甫》；《白居易》；《刘禹锡》"""
投,投,投,"抛掷，抛向。诗经卫风木瓜：\""～我以木瓜。",投我以木瓜。,"""《诗经》；《史记》；《邹阳》；《曹植》；《王勃》；《杜甫》；《韩愈》；《王安石》"""
递,递,递,"交替。楚辞招魂：\""二八侍宿，射～代些。",秦复爱六国之人，则递三世可至万世而为君。,"""《春秋》；《楚辞》；《庄子》；《吕氏春秋》；《左思》；《杜甫》；《杜牧》"""
蹈,蹈,蹈,"踩，踏。庄子达生：\""至人潜行不窒，～火不热。",至人潜行不窒，蹈火不热。,"""《尚书》；《左传》；《孟子》；《庄子》；《荀子》；《邹阳》"""
蹑,蹑,蹑,"踩。史记淮阴侯列传：\""张良、陈平～汉王足。",张良、陈平蹑汉王足。,"""《史记》；《三国志》；《左思》"""
升,升,升,"量名，一斗的十分之一。庄子外物：\""君岂有斗～之水而活我哉？",君岂有斗升之水而活我哉？,"""《诗经》；《论语》；《尔雅》；《三国志》；《庄子》；《江淹》；《杜甫》；《韩愈》；《白居易》"""
缘,缘,缘,"衣边饰，古代的一种花边。礼记玉藻：\""缁布衣，锦～。",缁布衣，锦缘。,"""《礼记》；《孟子》；《荀子》；《陶潜》；《李白》；《杜甫》；《苏轼》"""
偃,偃,偃,"仰卧。诗经小雅北山：\""或息～在床。",迎风则偃，背风则仆。,"""《诗经》；《尚书》；《左传》；《春秋》；《论语》；《杜甫》"""
仆,仆,仆,"""向前倒。汉书贡禹传：""诚恐一旦蹎～。""","""诚恐一旦蹎仆。""","""《汉书》；《柳宗元》；《王安石》"""
毙,毙,毙,"""倒下去（指因伤因病）。左传成公二年：""射其右，～于车中。""",射其右，毙于车中。,"""《左传》；《扬雄》"""
倾,倾,倾,"倾斜，歪。荀子非十二子：\""端然正己，不为物～侧。",端然正己，不为物倾侧。,"""《论语》；《史记》；《荀子》；《曹植》；《谢灵运》；《杜甫》；《韩愈》；《李华》"""
聆,聆,聆,"""听。张衡思玄赋：""～广乐之九奏兮。""",聆广乐之九奏兮。,"""《张衡》；《谢灵运》"""
眺,眺,眺,"""望，远望。礼记月令：""可以远～望。""",可以远眺望。,"""《礼记》；《张衡》；《谢灵运》"""
睇,睇,睇,"""微微斜视。楚辞九歌山鬼：""既含～兮又宜笑。""",既含睇兮又宜笑。,"""《春秋》；《楚辞》；《班固》；《王勃》"""
眄,眄,眄,"""斜视。邹阳狱中上梁王书：""臣闻明月之珠，夜光之璧，以暗投入於道，众莫不按剑相～者。""",臣闻明月之珠，夜光之璧，以暗投入於道，众莫不按剑相眄者。,"""《邹阳》；《王勃》"""
瞻,瞻,瞻,"""视，看。诗经邶风燕燕：""～望弗及，伫立以泣。""",瞻望弗及，伫立以泣。,"""《诗经》；《楚辞》"""
回,回,回,"""转，掉转，回转。司马迁报任安书：""是以肠一日而九～。""","""是以肠一日而九回。""","""《山海经》；《司马迁》；《陶潜》；《王勃》；《王维》；《杜甫》"""
还,还,还,"回去，回来。左传僖公三十年：\""吾其～也。",吾其还也。,"""《周礼》；《左传》；《李白》；《杜甫》；《李华》；《陆游》"""
逝,逝,逝,"""去。论语阳货：""日月～矣。""",日月逝矣。,"""《论语》；《司马迁》；《陶潜》；《苏轼》"""
分,分,分,"分开。论语泰伯：\""三～天下有其二。",三分天下有其二。,"""《礼记》；《左传》；《论语》；《庄子》；《贾谊》；《扬雄》；《陶潜》；《江淹》；《杜甫》；《韩愈》"""
诀,诀,诀,"""辞别，告别。江淹别赋：""沥泣共～，?br> 　　血相视。""",沥泣共诀，?br\> 　　血相视。,"""《汉书》；《江淹》；《杜甫》"""
悸,悸,悸,"""心跳。汉书田延年传：""使我至今病～。""",使我至今病悸。,"""《汉书》；《楚辞》；《李白》"""
恸,恸,恸,"""悲哀过度。论语先进：""颜渊死，子哭之～。""",颜渊死，子哭之恸。,"""《论语》；《庾信》"""
怅,怅,怅,"""心中如有所失，不称心，不痛快。楚辞九歌山鬼：""怨公子兮～忘归。""",怨公子兮怅忘归。,"""《楚辞》；《王维》；《杜甫》；《陆游》"""
慨,慨,慨,"叹息，叹气。荀子宥坐：\""孔子～然叹曰。",孔子慨然叹曰。,"""《史记》；《荀子》；《司马迁》；《张衡》；《陶潜》；《杜甫》"""
警,警,警,"使警惕，使知所戒。左传宣公十二年：\""今天或者大～晋也。",烦君最相警。,"""《尚书》；《左传》；《孟子》；《曹植》；《李商隐》"""
惕,惕,惕,"""提心吊胆，担心。易经乾卦：""君子终日乾乾，夕～若厉。""",君子终日乾乾，夕惕若厉。,"""《易经》；《左传》；《孟子》；《李白》"""
欲,欲,欲,及物动词。想要得到，希望有某事。,少妇城南欲断肠。,"""《论语》；《孟子》；《庄子》；《李白》"""
感,感,感,"""使人心动，令人心情起变化。易经咸卦：""圣人～人心而天下和平。""",圣人感人心而天下和平。,"""《易经》；《汉书》；《后汉书》；《荀子》；《谢灵运》；《杜甫》"""
酌,酌,酌,"""舀酒（自己喝或给人喝）。诗经周南卷耳：""我姑～彼兕觥。""",我姑酌彼兕觥。,"""《诗经》；《汉书》；《国语》；《文选》；《山海经》；《左思》；《陶潜》；《王勃》；《苏轼》"""
酹,酹,酹,"""以酒沃地。这是古人祭神的一种仪式。后汉书张奂传：""以酒～地。""",以酒酹地。,"""《汉书》；《后汉书》；《苏轼》"""
酣,酣,酣,"""酒喝得很畅快，半醉。战国策燕策一：""即酒～乐，进热歠。""",即酒酣乐，进热歠。,"""《史记》；《战国策》；《淮南子》；《白居易》"""
觉,觉,觉,读jiào。睡醒。,寐,"""《诗经》；《公羊传》；《孟子》；《史记》；《汉书》；《庄子》；《王勃》；《李白》；《白居易》；《李商隐》"""
央,央,央,"［中央］中间，中心，正中。诗经秦风蒹葭：\""宛在水中～。",淮南子天文：,"""《诗经》；《楚辞》；《庄子》；《淮南子》；《韩愈》"""
阑,阑,阑,"门前的栅栏。史记楚世家：\""是以敝邑之王不得事王，而令仪亦不得为门～之厮也。",门阑,"""《史记》；《汉书》；《曹植》；《左思》；《李白》；《杜甫》；《白居易》；《杜牧》；《陆游》；《辛弃疾》；《柳永》"""
清,清,清,"""清洁，特指水清。跟""浊""相对。楚辞渔父：""沧浪之水～兮，可以濯吾缨。""",浊,"""《春秋》；《楚辞》；《吕氏春秋》；《杜牧》；《李商隐》；《柳永》"""
浑,浑,浑,"浊，浑浊。老子十五章：\""～兮其若浊。",浑兮其若浊。,"""《孟子》；《汉书》；《老子》；《荀子》；《杜甫》；《韩愈》"""
安,安,安,"安，跟危相对。论语季氏：\""盖均无贫，和无寡，～无倾。",歌筵畔，先安簟枕，容我醉时眠。,"""《左传》；《论语》；《史记》；《扬雄》；《曹植》；《庾信》；《韩愈》"""
闲,闲,闲,"栅栏，养牛马的圈。汉书百官公卿表：\""又龙马～驹。",又龙马闲驹。,"""《诗经》；《易经》；《左传》；《论语》；《汉书》；《淮南子》；《贾谊》；《曹植》；《李白》；《韩愈》"""
乖,乖,乖,"""悖谬，相反，不协调。左传昭公三十年：""楚执政众而～。""",楚执政众而乖。,"""《左传》；《楚辞》；《荀子》；《陶潜》"""
互,互,互,"交互，交错。京房易传：\""阴阳交～。",洲岛回互。,"""《汉书》；《后汉书》；《谢灵运》；《沈约》；《杜甫》"""
繁,繁,繁,"""繁多，多种多样。左传昭公三年：""於是景公～于刑。""",於是景公繁于刑。,"""《左传》；《楚辞》；《文选》；《文心雕龙》；《萧统》；《杜牧》"""
烦,烦,烦,"烦躁。素问生气通天论：\""～则喘喝。",入耳而不烦。,"""《左传》；《史记》；《汉书》；《楚辞》；《淮南子》；《韩愈》；《李商隐》"""
急,急,急,"性情急躁，没有耐心。孟子滕文公下：\""三月无君则吊，不以～乎？",三月无君则吊，不以急乎？,"""《论语》；《孟子》；《史记》；《庄子》；《荀子》；《曹植》"""
忽,忽,忽,"不注意，不重视，无视。汉书王嘉传：\""～於小过。",忽於小过。,"""《左传》；《论语》；《汉书》；《楚辞》；《文心雕龙》；《贾谊》；《司马迁》；《李白》；《杜甫》"""
但,但,但,"""只，仅。史记刘敬传：""匈奴匿其壮士肥牛马，～见老弱及羸畜。""",匈奴匿其壮士肥牛马，但见老弱及羸畜。,"""《史记》；《李白》；《杜甫》；《李商隐》"""
星,星,星,"""星。王勃滕王阁诗：""物换～移几度秋？""［～历］（～历）天文历数。司马迁报任安书：""文史～历，近乎卜祝之间。""",物换星移几度秋？,"""《尚书》；《司马迁》；《王勃》"""
辰,辰,辰,十二支的第五位。用来纪日。,庚辰，将殡于曲沃。,"""《诗经》；《左传》；《论语》；《楚辞》；《法言》；《王勃》；《柳永》"""
岭,岭,岭,"""山腰。本作领。汉书严助传：""与轿而隃领。""",与轿而隃领。,"""《汉书》；《韩愈》；《苏轼》"""
栈,栈,栈,"棚车，用木条横排编成车厢的轻便车子。诗经小雅何草不黄：\""有～之车，行彼周道。",有栈之车，行彼周道。,"""《诗经》；《左传》；《汉书》；《庄子》；《白居易》"""
阁,阁,阁,"复道，用木材架於空中以为道路。战国策齐策六：\""为栈道木～而迎王与后於城阳山中。",为栈道木阁而迎王与后於城阳山中。,"""《汉书》；《战国策》；《司马迁》；《扬雄》；《王勃》；《李白》；《白居易》；《杜牧》"""
甸,甸,甸,"""王国四郊之外，周围五百里为甸服。尚书禹贡：""五百里～服。""",五百里甸服。,"""《尚书》"""
藩,藩,藩,"""篱笆。周易大壮卦：""羝羊触～。""",羝羊触藩。,"""《诗经》；《周易》；《左传》；《左思》；《苏轼》"""
苑,苑,苑,"""天子游乐田猎的广阔场所，其中种植花木，豢养禽兽（不是关起来饲养）。司马相如上林赋：""不务明君臣之义，正诸侯之礼，徒事争於游戏之乐，～囿之大。""",不务明君臣之义，正诸侯之礼，徒事争於游戏之乐，苑囿之大。,"""《杜甫》"""
陇,陇,陇,地名。陇山（在陕西、甘肃交界处。,遂逾陇。,"""《史记》；《汉书》；《陆游》"""
坟,坟,坟,"大堤。诗经周南汝坟：\""遵彼汝～。",遵彼汝坟。,"""《诗经》；《礼记》；《左传》；《楚辞》；《文选》；《张衡》；《萧统》；《杜甫》"""
蹊,蹊,蹊,"""人走出来的小路。庄子马蹄：""山无～隧，泽无舟梁。""",山无蹊隧，泽无舟梁。,"""《史记》；《庄子》；《文心雕龙》"""
径,径,径,"小路，不能容车的步道。论语雍也：\""行不由～。",行不由径。,"""《论语》；《史记》；《老子》；《枚乘》；《左思》；《杜甫》"""
汀,汀,汀,"""水边平地。楚辞九歌湘夫人：""搴～洲兮杜若。""",搴汀洲兮杜若。,"""《楚辞》；《王勃》；《李商隐》；《陆游》"""
洲,洲,洲,"""水中的陆地。诗经周南关雎：""关关雎鸠，在河之～。""",关关雎鸠，在河之洲。,"""《诗经》；《王勃》；《苏轼》"""
渚,渚,渚,"""水中的小块陆地，小洲。王勃滕王阁序：""鹤汀凫～，穷岛屿之萦回。""",鹤汀凫渚，穷岛屿之萦回。,"""《王勃》；《杜甫》"""
皋,皋,皋,"""水旁高地。楚辞离骚：""步余马於兰～兮。""",步余马於兰皋兮。,"""《楚辞》；《陶潜》"""
涯,涯,涯,"""水边。尚书微子：""若涉大水，其无津～。""",若涉大水，其无津涯。,"""《尚书》；《庄子》；《古诗十九首》；《杜甫》；《李华》"""
塘,塘,塘,"堤。本作\""唐\""。",池塘生春草，园柳变鸣禽。,"""《春秋》；《吕氏春秋》；《淮南子》；《谢灵运》；《庾信》；《杜甫》"""
垠,垠,垠,"""边，边际。楚辞远游：""其小无内兮，其大无～。""",其小无内兮，其大无垠。,"""《楚辞》；《韩愈》；《李华》"""
辇,辇,辇,"用人推挽的车。战国策赵策四：\""老妇恃～而行。",昭阳殿里第一人，同辇随君侍君侧。,"""《诗经》；《战国策》；《荀子》；《司马迁》；《杜甫》；《杜牧》；《陆游》；《寇准》"""
毂,毂,毂,"""车轮中心，有圆孔可以插轴的部分。老子十一章：""三十辐，共一～。""",三十辐，共一毂。,"""《汉书》；《老子》；《司马迁》"""
辕,辕,辕,"""车前驾牲畜的两根直木。庄子达生：""委蛇其大如毂，其长如～。""",委蛇其大如毂，其长如辕。,"""《汉书》；《庄子》；《杜甫》"""
辙,辙,辙,"""车轮轧出的痕迹。庄子人间世：""汝不知夫螳螂乎？怒其臂以当车～，不知其不胜任也。""",汝不知夫螳螂乎？怒其臂以当车辙，不知其不胜任也。,"""《庄子》；《王勃》；《杜甫》"""
簪,簪,簪,"""用来绾住头发的一种首饰，古时也用来把帽子别在头发上。古代男女都用簪。孔稚圭北山移文：""昔闻投～逸海岸。""",昔闻投簪逸海岸。,"""《杜甫》；《辛弃疾》"""
缨,缨,缨,"系冠的带子，结在下巴的。楚辞渔父：\""沧浪之水清兮，可以濯我～。",雄发指危冠，猛气冲长缨。,"""《左传》；《汉书》；《楚辞》；《扬雄》；《陶潜》；《王勃》；《杜甫》"""
绂,绂,绂,读fú。系印的丝带（其颜色依品级而定）。,授单于印绂。,"""《诗经》；《易经》；《汉书》；《曹植》"""
绶,绶,绶,"""用来系印的丝带，绂。史记蔡泽列传：""怀黄金之印，结紫～於要。""",怀黄金之印，结紫绶於要。,"""《史记》；《江淹》；《白居易》"""
襦,襦,襦,"""短袄。左传昭公二十五年：""征褰与～。""",征褰与襦。,"""《左传》；《汉书》；《杜甫》"""
袂,袂,袂,"""袖子。左传宣公十四年：""投～而起。""",投袂而起。,"""《左传》；《王勃》；《白居易》"""
羹,羹,羹,"""上古时代的一种肉食。牛肉、羊肉、猪肉都可以做羹。有五味羹：这是肉中加菜、醯（醋）、醢（酱）、盐、梅。伪古文尚书说命下：""若作和～，尔惟盐梅。""",若作和羹，尔惟盐梅。,"""《尚书》；《礼记》；《左传》；《孟子》；《韩愈》"""
丝,丝,丝,"丝。战国策楚策四：\""方将调饴胶～。",方将调饴胶丝。,"""《战国策》；《庾信》；《杜甫》；《韩愈》；《刘禹锡》；《李商隐》；《欧阳修》"""
弦,弦,弦,"弓的弦。韩非子观行：\""西门豹之性急，常佩韦以自缓",西门豹之性急，常佩韦以自缓；董安于之性缓，常佩弦以自急。,"""《论语》；《史记》；《庄子》；《韩非子》；《曹植》；《杜甫》"""
鼓,鼓,鼓,名词。鼓。,小子鸣鼓而攻之可也。,"""《诗经》；《易经》；《左传》；《论语》；《孟子》；《史记》；《庄子》；《司马迁》"""
僚,僚,僚,"""官府，官职。诗经大雅板：""我虽异事，及尔同～。""",我虽异事，及尔同僚。,"""《诗经》；《左传》；《世说新语》；《左思》"""
群,群,群,"""羊群，兽群。诗经小雅无羊：""谁谓尔无羊？三百维～！""又吉日：""或～或友。""",谁谓尔无羊？三百维群！,"""《诗经》；《周易》；《礼记》；《左思》；《陶潜》；《王勃》；《李白》；《杜甫》"""
辈,辈,辈,"""同类，同流品，同等级，同辈份。史记魏其武安侯列传：""荐宠下～。""",荐宠下辈。,"""《史记》；《杜甫》"""
思,思,思,"思考，考虑。论语为政：\""学而不～则罔，～而不学则殆。",学而不思则罔，思而不学则殆。,"""《诗经》；《论语》；《孟子》；《曹操》；《苏轼》；《辛弃疾》；《柳永》"""
索,索,索,"大绳，绳子。司马迁报任安书：\""其次关木～，被棰楚受辱。",其次关木索，被棰楚受辱。,"""《诗经》；《礼记》；《仪礼》；《楚辞》；《庄子》；《韩非子》；《司马迁》；《谢灵运》；《陆游》"""
赏,赏,赏,"奖励有功的。史记项羽本纪：\""未有封侯之～。",未有封侯之赏。,"""《史记》；《世说新语》；《陶潜》；《谢灵运》；《沈约》"""
料,料,料,"""称量，度量。史记孔子世家：""尝为季氏吏，～量平。""",尝为季氏吏，料量平。,"""《史记》；《国语》；《辛弃疾》"""
想,想,想,"""一种心理活动，表现为希望遇见，羡慕，怀念等。史记孔子世家：""余读孔氏书，～见其为人。""",余读孔氏书，想见其为人。,"""《史记》；《汉书》；《后汉书》；《陶潜》；《孟浩然》；《苏轼》；《柳永》"""
占,占,占,"根据烧灼过的龟甲裂纹占问吉凶。周礼春官宗伯：\""占人掌～龟。",其占为有年。,"""《周礼》；《汉书》；《柳宗元》；《李商隐》；《苏轼》"""
卜,卜,卜,"""灼龟占卦。左传僖公四年：""～之，不吉。""",卜之，不吉。,"""《左传》；《楚辞》；《司马迁》；《柳宗元》"""
戏,戏,戏,读huī。军中大将的大旗。,兵罢戏下，诸侯各就国。,"""《诗经》；《论语》；《史记》"""
弄,弄,弄,"用手把玩。诗经小雅斯干：\""载～之璋。",夷吾弱不好弄。,"""《诗经》；《左传》；《汉书》；《世说新语》；《李白》；《苏轼》"""
动,动,动,"移动，振动。跟\""静\""相对。",静,"""《诗经》；《论语》；《孟子》；《杜甫》"""
定,定,定,"安定，安静。诗经小雅采薇：\""岂敢～居。",岂敢定居。,"""《诗经》；《礼记》；《史记》；《汉书》；《文心雕龙》；《世说新语》；《贾谊》；《杜甫》"""
驻,驻,驻,"""车马停止。王勃滕王阁序：""襜帷暂～。""",襜帷暂驻。,"""《三国志》；《王勃》；《杜甫》；《苏轼》；《姜夔》"""
住,住,住,"""留，留下。跟""去""相对。杜甫哀江头诗：""去～彼此无消息。""",去,"""《杜甫》；《辛弃疾》"""
依,依,依,"傍着，紧靠着。古诗十九首：\""胡马～北风。",胡马依北风。,"""《诗经》；《汉书》；《古诗十九首》；《曹操》；《王维》"""
倚,倚,倚,"斜靠着。史记刺客列传：\""轲自知事不就，～柱而笑。",轲自知事不就，倚柱而笑。,"""《礼记》；《史记》；《李白》；《苏轼》"""
雕,雕,雕,猛禽。鹰鹞一类的鸟。,回望射雕处，千里暮云平。,"""《论语》；《文心雕龙》；《王维》"""
制,制,制,"""裁成衣服。楚辞离骚：""～芰荷以为衣兮。""","""制芰荷以为衣兮。""","""《诗经》；《楚辞》；《文选》；《文心雕龙》；《洛阳伽蓝记》；《萧统》"""
生,生,生,"植物长出来，生出来。礼记月令：\""王瓜～，苦菜秀。",王瓜生，苦菜秀。,"""《礼记》；《左传》；《论语》；《孟子》；《史记》；《汉书》；《后汉书》；《韩愈》；《李商隐》"""
消,消,消,"消失，减少。与\""息\""相对。",日中则昃，月盈则食，天地盈虚，与时消息。,"""《易经》；《礼记》；《陶潜》；《杜甫》；《苏轼》；《辛弃疾》"""
淹,淹,淹,"浸渍。楚辞九叹怨思：\""～芳芷於腐井兮。",宅中水淹。,"""《礼记》；《楚辞》；《文心雕龙》；《世说新语》；《张衡》；《杜甫》；《柳永》"""
漏,漏,漏,"水渗下。杜甫茅屋为秋风所破歌：\""床头屋～无乾处。",床头屋漏无乾处。,"""《汉书》；《三国志》；《杜甫》"""
泛,泛,泛,"在水上飘浮。苏轼前赤壁赋：\""苏子与客～舟，游於赤壁之下。",苏子与客泛舟，游於赤壁之下。,"""《诗经》；《礼记》；《左传》；《论语》；《孟子》；《汉书》；《楚辞》；《文心雕龙》；《水经注》；《苏轼》；《陆游》"""
涵,涵,涵,"潜沉，潜游。左思吴都赋：\""～泳乎其中。",涵泳乎其中。,"""《左思》；《孟浩然》；《韩愈》；《辛弃疾》"""
蒙,蒙,蒙,"覆盖。诗经鄘风君子偕老：\""～彼绉絺。",上下相蒙。,"""《诗经》；《易经》；《左传》；《汉书》；《孔稚珪》；《杜甫》；《王安石》"""
蔽,蔽,蔽,"遮住，遮掩。楚辞国殇：\""旌～日兮敌若云。",旌蔽日兮敌若云。,"""《论语》；《史记》；《汉书》；《楚辞》；《荀子》；《柳宗元》；《苏轼》"""
荫,荫,荫,"""树荫。荀子劝学：""树成～而众鸟息焉。""",树成荫而众鸟息焉。,"""《荀子》；《左思》；《陶潜》"""
炙,炙,炙,"烧肉，烤肉。左传哀公十五年：\""～未熟。",炙未熟。,"""《诗经》；《左传》；《孟子》；《扬雄》；《李白》；《杜甫》"""
敛,敛,敛,"聚积，特指聚积财物。论语先进：\""而求也为之聚～而附益之。",敛轻雾，藏鸣湍。,"""《论语》；《汉书》；《孔稚珪》；《杜甫》"""
贡,贡,贡,"""把物品进献给天子。尚书禹贡：""厥～漆丝。""",厥贡漆丝。,"""《尚书》；《左传》；《杜甫》"""
激,激,激,"遏阻水势。孟子告子上：\""今夫水，搏而跃之，可使过颡",今夫水，搏而跃之，可使过颡；激而行之，可使在山。,"""《孟子》；《司马迁》；《杜甫》；《韩愈》；《岳飞》"""
濯,濯,濯,"""洗。楚辞渔父：""沧浪之水清兮，可以～我缨。""",沧浪之水清兮，可以濯我缨。,"""《孟子》；《楚辞》；《韩愈》"""
拂,拂,拂,"掸(dǎn)。楚辞卜居：\""詹尹乃端策～龟。",詹尹乃端策拂龟。,"""《孟子》；《汉书》；《楚辞》；《韩非子》；《李白》"""
逆,逆,逆,"迎，迎接，迎着。跟\""送\""相对。",目逆而送之。,"""《仪礼》；《左传》；《孟子》；《史记》；《陶潜》；《李白》"""
凋,凋,凋,"""草木衰落。杜甫秋兴八首诗：""玉露～伤枫树林。""",玉露凋伤枫树林。,"""《论语》；《李白》；《杜甫》；《杜牧》"""
零,零,零,"""落［雨］。诗经豳风东山：""～雨其濛。""",零雨其濛。,"""《诗经》；《古诗十九首》；《陶潜》；《庾信》；《辛弃疾》"""
屠,屠,屠,"""宰杀牲畜。史记樊哙列传：""以～狗为事。""",以屠狗为事。,"""《史记》；《李华》"""
灭,灭,灭,"把火熄掉。尚书盘庚上：\""若火之燎于原，不可向迩，其犹可扑～。",若火之燎于原，不可向迩，其犹可扑灭。,"""《尚书》；《左传》；《史记》；《杜甫》"""
罄,罄,罄,"""器皿中没有东西。诗经小雅蓼莪：""瓶之～矣。""",瓶之罄矣。,"""《诗经》；《陶潜》"""
尽,尽,尽,不及物动词。无余，没有了。,野兽已尽而猎狗亨。,"""《论语》；《孟子》；《史记》；《庄子》；《辛弃疾》"""
了,了,了,"了结，结束。李白侠客行：\""事～拂衣去。",事了拂衣去。,"""《汉书》；《后汉书》；《世说新语》；《李白》；《辛弃疾》"""
肖,肖,肖,"像，似，类似。老子六十七章：\""天下皆谓我道大似不～。",待用於人者，其肖於器耶？,"""《孟子》；《汉书》；《战国策》；《老子》；《邹阳》；《韩愈》"""
暨,暨,暨,"及，与。尚书尧典：\""帝曰：\'咨，汝羲～和！\'\""（咨：感叹词。",让于稷契，暨皋陶。,"""《尚书》；《谢灵运》；《沈约》"""
逮,逮,逮,"及，到，达到。论语里仁：\""古者言之不出，耻躬之不～也。",古者言之不出，耻躬之不逮也。,"""《论语》；《汉书》；《文选》；《萧统》；《韩愈》"""
暝,暝,暝,"""幽暗，特指天黑。李白梦游天姥吟留别诗：""迷花倚石忽已～。""",迷花倚石忽已暝。,"""《李白》；《欧阳修》"""
黯,黯,黯,"""深黑色，暗淡无光。李华吊古战场文：""～兮惨悴，风悲日曛。""",黯兮惨悴，风悲日曛。,"""《江淹》；《刘禹锡》；《李华》；《苏轼》；《柳永》"""
悉,悉,悉,"""尽，全部。尚书盘庚上：""王命众，～至于庭。""",王命众，悉至于庭。,"""《尚书》；《文选》；《贾谊》；《司马迁》；《谢灵运》；《沈约》；《萧统》；《杜甫》"""
赢,赢,赢,"获取余利。左传昭公元年：\""贾而欲～，而恶嚣乎？",视垦田赢缩以稽本末。,"""《左传》；《史记》；《荀子》；《贾谊》；《杜牧》；《辛弃疾》"""
短,短,短,"""短。跟""长""相对。楚辞卜居：""夫尺有所～，寸有所长。""",长,"""《史记》；《楚辞》；《庄子》；《司马迁》"""
骄,骄,骄,"马高大壮健的样子。诗经卫风硕人：\""四牡有～。",四牡有骄。,"""《诗经》；《杜牧》；《李华》"""
慢,慢,慢,"倨傲不敬。跟\""敬\""相对。",敬,"""《诗经》；《礼记》；《淮南子》；《韩愈》"""
妄,妄,妄,"""乱，不考虑是非得失。祢衡鹦鹉赋：""飞不～集，翔必择林。""",飞不妄集，翔必择林。,"""《孟子》；《论衡》；《孔稚珪》"""
层,层,层,"""重叠。王勃滕王阁序：""～峦耸翠，上出重霄。""",层峦耸翠，上出重霄。,"""《文选》；《萧统》；《王勃》；《苏轼》"""
乔,乔,乔,"高，特指树木的高大。多以\""乔木\""连用。",乔木,"""《诗经》；《孟子》；《姜夔》"""
耿,耿,耿,"""光明。尚书立政：""以觐文王之～光，以扬武王之大烈。""",以觐文王之耿光，以扬武王之大烈。,"""《诗经》；《尚书》；《楚辞》；《韩非子》；《白居易》"""
渺,渺,渺,"""水面辽阔。多以""渺渺""连用。寇准江南春词：""波～～，柳依依。""",渺渺,"""《苏轼》；《柳永》；《寇准》"""
缛,缛,缛,"""文采盛，花纹多。张衡西京赋：""故其馆室次舍，采饰纤～。""",故其馆室次舍，采饰纤缛。,"""《文心雕龙》；《张衡》；《谢灵运》；《沈约》"""
稠,稠,稠,"""多，众多。三国志蜀书关羽传：""而～人广坐，侍立终日。""",而稠人广坐，侍立终日。,"""《三国志》；《谢灵运》；《沈约》"""
综,综,综,"""使经线和纬线交织在一起，引申为一般事物的交错，如说""错～复杂""。""",错综复杂,"""《文选》；《文心雕龙》；《司马迁》；《萧统》"""
杂,杂,杂,动词。五彩相合。,杂然而前陈者，太守宴也。,"""《周易》；《国语》；《列子》；《文心雕龙》；《陶潜》；《欧阳修》；《文天祥》"""
尘,尘,尘,"飞扬的细土。庄子逍遥游：\""野马也，～埃也，生物之以息相吹也。",况我堕胡尘，及归尽华发。,"""《诗经》；《庄子》；《贾谊》；《谢灵运》；《沈约》；《孔稚珪》；《李白》；《杜甫》；《陆游》；《辛弃疾》"""
霭,霭,霭,"""云雾蒸腾的样子。多以""霭霭""连用。陶潜停云诗：""～～停云，濛濛时雨。""",霭霭,"""《陶潜》；《王维》；《柳永》"""
峦,峦,峦,"小而尖的山。孔稚珪北山移文：\""望林～而有失。",望林峦而有失。,"""《孔稚珪》；《王勃》；《李白》"""
岩,岩,岩,"高峻的山，陡崖。世说新语容止：\""双目闪闪如～下电。",双目闪闪如岩下电。,"""《诗经》；《左传》；《孟子》；《世说新语》；《司马迁》；《李白》；《杜甫》；《欧阳修》"""
阿,阿,阿,"大山。诗经小雅菁菁者莪：\""在彼中～。",在彼中阿。,"""《诗经》；《周礼》；《孟子》；《楚辞》；《古诗十九首》；《孔稚珪》；《王勃》"""
隅,隅,隅,"靠边的地方，角落。诗经邶风静女：\""俟我於城～。",俟我於城隅。,"""《诗经》；《论语》；《王勃》；《王维》；《李华》"""
畔,畔,畔,"田界。左传襄公二十五年：\""行无越思，如农之有～。",行无越思，如农之有畔。,"""《左传》；《孟子》；《史记》；《辛弃疾》"""
际,际,际,"两墙相接处叫\""际\""。引申为一般事物的相交，会合。",际,"""《易经》；《论语》；《孟子》；《史记》；《庄子》；《韩非子》；《孟浩然》；《李白》；《柳永》"""
纶,纶,纶,"青丝绶带。礼记缁衣：\""王言如丝，其出如～。",王言如丝，其出如纶。,"""《礼记》；《文心雕龙》；《苏轼》"""
纂,纂,纂,"赤色的丝带。汉书宣帝纪：\""锦绣～组，害女红者也。",锦绣纂组，害女红者也。,"""《汉书》；《韩愈》"""
床,床,床,"""床。左传宣公十五年：""宋人惧，使华元夜入楚师，登子反之～。""",宋人惧，使华元夜入楚师，登子反之床。,"""《左传》；《世说新语》；《杜甫》"""
蓐,蓐,蓐,"""睡眠处所铺的草，草荐。左传文公七年：""训卒利兵，秣马～食，潜师而起。""",训卒利兵，秣马蓐食，潜师而起。,"""《左传》；《史记》"""
厨,厨,厨,"厨房。孟子梁惠王上：\""是以君子远庖～也。",是以君子远庖厨也。,"""《孟子》"""
筵,筵,筵,"""座位上铺的席子。礼记乐记：""铺～席，陈尊俎。""",铺筵席，陈尊俎。,"""《礼记》；《孔稚珪》；《王勃》"""
肌,肌,肌,"""人的肌肉。庄子逍遥游：""藐姑射之山，有神人居焉，～肤如冰雪。""",藐姑射之山，有神人居焉，肌肤如冰雪。,"""《汉书》；《战国策》；《庄子》；《墨子》；《司马迁》"""
肤,肤,肤,"""人的皮。诗经卫风硕人：""～如凝脂。""",肤如凝脂。,"""《诗经》；《尚书》；《周易》；《礼记》；《周礼》；《仪礼》；《左传》；《公羊传》；《论语》；《孟子》；《尔雅》；《史记》；《汉书》；《后汉书》；《战国策》；《国语》；《楚辞》；《老子》；《庄子》；《荀子》；《韩非子》；《墨子》；《文选》；《论衡》；《淮南子》；《贾谊》；《司马迁》；《张衡》；《王羲之》；《王维》；《杜甫》；《韩愈》；《苏轼》；《陆游》；《辛弃疾》；《姜夔》"""
